Code,PrefixName,HosName,RegisterStatusName,Province,ZoneName,OrgGrpName,OrgLevelName,OrgName,HAStatusName,year,,,,,,,,,,,,,
06009,โรงพยาบาล,แม่ตื่น,สมัครใหม่,เชียงใหม่   ,ภาคเหนือ,ภาครัฐ-ชุมชน ,รพช.(F3),สำนักปลัดกระทรวง กระทรวงสาธารณสุข,ยังไม่เคยเข้าสู่กระบวนการรับรอง,2568,,,,,,,,,,,,,
10672,โรงพยาบาล,ลำปาง,ต่ออายุ,ลำปาง   ,ภาคเหนือ,ภาครัฐ-Advance (มีการเรียนการสอน) ,รพศ.(A) มีการเรียน-สอนครบทุกสาขา,สำนักปลัดกระทรวง กระทรวงสาธารณสุข,Re-acc. ครั้งที่ 5,2568,,,,,,,,,,,,,
10674,โรงพยาบาล,เชียงรายประชานุเคราะห์,ต่ออายุ,เชียงราย   ,ภาคเหนือ,ภาครัฐ-Advance (มีการเรียนการสอน) ,รพศ.(A) มีการเรียน-สอนบางสาขา,สำนักปลัดกระทรวง กระทรวงสาธารณสุข,Advanced HA,2568,,,,,,,,,,,,,
10713,โรงพยาบาล,นครพิงค์,ต่ออายุ,เชียงใหม่   ,ภาคเหนือ,ภาครัฐ-Advance (มีการเรียนการสอน) ,รพศ.(A) มีการเรียน-สอนบางสาขา,สำนักปลัดกระทรวง กระทรวงสาธารณสุข,Re-acc. ครั้งที่ 6,2568,,,,,,,,,,,,,
10714,โรงพยาบาล,ลำพูน,ต่ออายุ,ลำพูน   ,ภาคเหนือ,ภาครัฐ-ทั่วไป,รพท.(S),สำนักปลัดกระทรวง กระทรวงสาธารณสุข,Re-acc. ครั้งที่ 5,2568,,,,,,,,,,,,,
10715,โรงพยาบาล,แพร่,ต่ออายุ,แพร่   ,ภาคเหนือ,ภาครัฐ-ทั่วไป,รพท.(S),สำนักปลัดกระทรวง กระทรวงสาธารณสุข,Re-acc. ครั้งที่ 5,2568,,,,,,,,,,,,,
10716,โรงพยาบาล,น่าน,ต่ออายุ,น่าน   ,ภาคเหนือ,ภาครัฐ-ทั่วไป,รพท.(S),สำนักปลัดกระทรวง กระทรวงสาธารณสุข,Re-acc. ครั้งที่ 4,2568,,,,,,,,,,,,,
10717,โรงพยาบาล,พะเยา,ต่ออายุ,พะเยา   ,ภาคเหนือ,ภาครัฐ-ทั่วไป,รพท.(S),สำนักปลัดกระทรวง กระทรวงสาธารณสุข,Re-acc. ครั้งที่ 5,2568,,,,,,,,,,,,,
10718,โรงพยาบาล,เชียงคำ,ต่ออายุ,พะเยา   ,ภาคเหนือ,ภาครัฐ-ทั่วไป,รพท.(M1),สำนักปลัดกระทรวง กระทรวงสาธารณสุข,Re-acc. ครั้งที่ 5,2568,,,,,,,,,,,,,
10719,โรงพยาบาล,ศรีสังวาลย์,ต่ออายุ,แม่ฮ่องสอน   ,ภาคเหนือ,ภาครัฐ-ทั่วไป,รพท.(S),สำนักปลัดกระทรวง กระทรวงสาธารณสุข,Re-acc. ครั้งที่ 3,2568,,,,,,,,,,,,,
11119,โรงพยาบาล,จอมทอง,ต่ออายุ,เชียงใหม่   ,ภาคเหนือ,ภาครัฐ-ทั่วไป,รพท.(M1),สำนักปลัดกระทรวง กระทรวงสาธารณสุข,Re-acc. ครั้งที่ 2,2568,,,,,,,,,,,,,
11120,โรงพยาบาล,เทพรัตนเวชชานุกูล เฉลิมพระเกียรติ ๖๐ พรรษา,ต่ออายุ,เชียงใหม่   ,ภาคเหนือ,ภาครัฐ-ชุมชน ,รพช.(F2),สำนักปลัดกระทรวง กระทรวงสาธารณสุข,Re-acc. ครั้งที่ 1,2568,,,,,,,,,,,,,
11121,โรงพยาบาล,เชียงดาว,ต่ออายุ,เชียงใหม่   ,ภาคเหนือ,ภาครัฐ-ชุมชน ,รพช.(M2),สำนักปลัดกระทรวง กระทรวงสาธารณสุข,Re-acc. ครั้งที่ 2,2568,,,,,,,,,,,,,
11122,โรงพยาบาล,ดอยสะเก็ด,ต่ออายุ,เชียงใหม่   ,ภาคเหนือ,ภาครัฐ-ชุมชน ,รพช.(F2),สำนักปลัดกระทรวง กระทรวงสาธารณสุข,Re-acc. ครั้งที่ 3,2568,,,,,,,,,,,,,
11123,โรงพยาบาล,แม่แตง,ต่ออายุ,เชียงใหม่   ,ภาคเหนือ,ภาครัฐ-ชุมชน ,รพช.(F2),สำนักปลัดกระทรวง กระทรวงสาธารณสุข,Re-acc. ครั้งที่ 1,2568,,,,,,,,,,,,,
11125,โรงพยาบาล,ฝาง,ต่ออายุ,เชียงใหม่   ,ภาคเหนือ,ภาครัฐ-ทั่วไป,รพท.(M1),สำนักปลัดกระทรวง กระทรวงสาธารณสุข,Re-acc. ครั้งที่ 2,2568,,,,,,,,,,,,,
11126,โรงพยาบาล,แม่อาย,ต่ออายุ,เชียงใหม่   ,ภาคเหนือ,ภาครัฐ-ชุมชน ,รพช.(F1),สำนักปลัดกระทรวง กระทรวงสาธารณสุข,Re-acc. ครั้งที่ 1,2568,,,,,,,,,,,,,
11128,โรงพยาบาล,สันป่าตอง,ต่ออายุ,เชียงใหม่   ,ภาคเหนือ,ภาครัฐ-ทั่วไป,รพท.(M1),สำนักปลัดกระทรวง กระทรวงสาธารณสุข,Re-acc. ครั้งที่ 4,2568,,,,,,,,,,,,,
11130,โรงพยาบาล,สันทราย,ต่ออายุ,เชียงใหม่   ,ภาคเหนือ,ภาครัฐ-ทั่วไป,รพท.(M1),สำนักปลัดกระทรวง กระทรวงสาธารณสุข,Re-acc. ครั้งที่ 2,2568,,,,,,,,,,,,,
11131,โรงพยาบาล,หางดง,ต่ออายุ,เชียงใหม่   ,ภาคเหนือ,ภาครัฐ-ชุมชน ,รพช.(M2),สำนักปลัดกระทรวง กระทรวงสาธารณสุข,Re-acc. ครั้งที่ 3,2568,,,,,,,,,,,,,
11132,โรงพยาบาล,ฮอด,ต่ออายุ,เชียงใหม่   ,ภาคเหนือ,ภาครัฐ-ชุมชน ,รพช.(F2),สำนักปลัดกระทรวง กระทรวงสาธารณสุข,Re-acc. ครั้งที่ 1,2568,,,,,,,,,,,,,
11133,โรงพยาบาล,ดอยเต่า,ต่ออายุ,เชียงใหม่   ,ภาคเหนือ,ภาครัฐ-ชุมชน ,รพช.(F2),สำนักปลัดกระทรวง กระทรวงสาธารณสุข,Re-acc. ครั้งที่ 2,2568,,,,,,,,,,,,,
11134,โรงพยาบาล,อมก๋อย,ต่ออายุ,เชียงใหม่   ,ภาคเหนือ,ภาครัฐ-ชุมชน ,รพช.(F1),สำนักปลัดกระทรวง กระทรวงสาธารณสุข,Re-acc. ครั้งที่ 2,2568,,,,,,,,,,,,,
11135,โรงพยาบาล,สารภี,ต่ออายุ,เชียงใหม่   ,ภาคเหนือ,ภาครัฐ-ชุมชน ,รพช.(F1),สำนักปลัดกระทรวง กระทรวงสาธารณสุข,Re-acc. ครั้งที่ 3,2568,,,,,,,,,,,,,
11136,โรงพยาบาล,เวียงแหง,ต่ออายุ,เชียงใหม่   ,ภาคเหนือ,ภาครัฐ-ชุมชน ,รพช.(F2),สำนักปลัดกระทรวง กระทรวงสาธารณสุข,Re-acc. ครั้งที่ 1,2568,,,,,,,,,,,,,
11138,โรงพยาบาล,แม่วาง,ต่ออายุ,เชียงใหม่   ,ภาคเหนือ,ภาครัฐ-ชุมชน ,รพช.(F2),สำนักปลัดกระทรวง กระทรวงสาธารณสุข,Re-acc. ครั้งที่ 2,2568,,,,,,,,,,,,,
11139,โรงพยาบาล,แม่ออน,ต่ออายุ,เชียงใหม่   ,ภาคเหนือ,ภาครัฐ-ชุมชน ,รพช.(F2),สำนักปลัดกระทรวง กระทรวงสาธารณสุข,Re-acc. ครั้งที่ 2,2568,,,,,,,,,,,,,
11140,โรงพยาบาล,แม่ทา,ต่ออายุ,ลำพูน   ,ภาคเหนือ,ภาครัฐ-ชุมชน ,รพช.(F2),สำนักปลัดกระทรวง กระทรวงสาธารณสุข,Re-acc. ครั้งที่ 2,2568,,,,,,,,,,,,,
11141,โรงพยาบาล,บ้านโฮ่ง,ต่ออายุ,ลำพูน   ,ภาคเหนือ,ภาครัฐ-ชุมชน ,รพช.(F2),สำนักปลัดกระทรวง กระทรวงสาธารณสุข,Re-acc. ครั้งที่ 3,2568,,,,,,,,,,,,,
11142,โรงพยาบาล,ลี้,ต่ออายุ,ลำพูน   ,ภาคเหนือ,ภาครัฐ-ชุมชน ,รพช.(M2),สำนักปลัดกระทรวง กระทรวงสาธารณสุข,Re-acc. ครั้งที่ 4,2568,,,,,,,,,,,,,
11143,โรงพยาบาล,ทุ่งหัวช้าง,ต่ออายุ,ลำพูน   ,ภาคเหนือ,ภาครัฐ-ชุมชน ,รพช.(F2),สำนักปลัดกระทรวง กระทรวงสาธารณสุข,Re-acc. ครั้งที่ 2,2568,,,,,,,,,,,,,
11145,โรงพยาบาล,บ้านธิ,ต่ออายุ,ลำพูน   ,ภาคเหนือ,ภาครัฐ-ชุมชน ,รพช.(F2),สำนักปลัดกระทรวง กระทรวงสาธารณสุข,Re-acc. ครั้งที่ 5,2568,,,,,,,,,,,,,
11146,โรงพยาบาล,แม่เมาะ,ต่ออายุ,ลำปาง   ,ภาคเหนือ,ภาครัฐ-ชุมชน ,รพช.(F2),สำนักปลัดกระทรวง กระทรวงสาธารณสุข,Re-acc. ครั้งที่ 1,2568,,,,,,,,,,,,,
11147,โรงพยาบาล,เกาะคา,สมัครใหม่,ลำปาง   ,ภาคเหนือ,ภาครัฐ-ทั่วไป,รพท.(M1),สำนักปลัดกระทรวง กระทรวงสาธารณสุข,Re-acc. ครั้งที่ 4,2568,,,,,,,,,,,,,
11148,โรงพยาบาล,เสริมงาม,ต่ออายุ,ลำปาง   ,ภาคเหนือ,ภาครัฐ-ชุมชน ,รพช.(F2),สำนักปลัดกระทรวง กระทรวงสาธารณสุข,Re-acc. ครั้งที่ 3,2568,,,,,,,,,,,,,
11150,โรงพยาบาล,แจ้ห่ม,ต่ออายุ,ลำปาง   ,ภาคเหนือ,ภาครัฐ-ชุมชน ,รพช.(F2),สำนักปลัดกระทรวง กระทรวงสาธารณสุข,Re-acc. ครั้งที่ 4,2568,,,,,,,,,,,,,
11151,โรงพยาบาล,วังเหนือ,ต่ออายุ,ลำปาง   ,ภาคเหนือ,ภาครัฐ-ชุมชน ,รพช.(F2),สำนักปลัดกระทรวง กระทรวงสาธารณสุข,Re-acc. ครั้งที่ 2,2568,,,,,,,,,,,,,
11152,โรงพยาบาล,เถิน,ต่ออายุ,ลำปาง   ,ภาคเหนือ,ภาครัฐ-ชุมชน ,รพช.(M2),สำนักปลัดกระทรวง กระทรวงสาธารณสุข,Re-acc. ครั้งที่ 3,2568,,,,,,,,,,,,,
11153,โรงพยาบาล,แม่พริก,ต่ออายุ,ลำปาง   ,ภาคเหนือ,ภาครัฐ-ชุมชน ,รพช.(F2),สำนักปลัดกระทรวง กระทรวงสาธารณสุข,Re-acc. ครั้งที่ 4,2568,,,,,,,,,,,,,
11155,โรงพยาบาล,สบปราบ,สมัครใหม่,ลำปาง   ,ภาคเหนือ,ภาครัฐ-ชุมชน ,รพช.(F2),สำนักปลัดกระทรวง กระทรวงสาธารณสุข,Re-acc. ครั้งที่ 2,2568,,,,,,,,,,,,,
11166,โรงพยาบาล,ร้องกวาง,ต่ออายุ,แพร่   ,ภาคเหนือ,ภาครัฐ-ชุมชน ,รพช.(F2),สำนักปลัดกระทรวง กระทรวงสาธารณสุข,Re-acc. ครั้งที่ 1,2568,,,,,,,,,,,,,
11167,โรงพยาบาล,ลอง,ต่ออายุ,แพร่   ,ภาคเหนือ,ภาครัฐ-ชุมชน ,รพช.(F1),สำนักปลัดกระทรวง กระทรวงสาธารณสุข,Re-acc. ครั้งที่ 1,2568,,,,,,,,,,,,,
11172,โรงพยาบาล,หนองม่วงไข่,ต่ออายุ,แพร่   ,ภาคเหนือ,ภาครัฐ-ชุมชน ,รพช.(F2),สำนักปลัดกระทรวง กระทรวงสาธารณสุข,Re-acc. ครั้งที่ 1,2568,,,,,,,,,,,,,
11176,โรงพยาบาล,ท่าวังผา,ต่ออายุ,น่าน   ,ภาคเหนือ,ภาครัฐ-ชุมชน ,รพช.(F1),สำนักปลัดกระทรวง กระทรวงสาธารณสุข,Re-acc. ครั้งที่ 3,2568,,,,,,,,,,,,,
11183,โรงพยาบาล,สองแคว,ต่ออายุ,น่าน   ,ภาคเหนือ,ภาครัฐ-ชุมชน ,รพช.(F2),สำนักปลัดกระทรวง กระทรวงสาธารณสุข,ขั้น 2,2568,,,,,,,,,,,,,
11184,โรงพยาบาล,จุน,ต่ออายุ,พะเยา   ,ภาคเหนือ,ภาครัฐ-ชุมชน ,รพช.(F2),สำนักปลัดกระทรวง กระทรวงสาธารณสุข,Re-acc. ครั้งที่ 2,2568,,,,,,,,,,,,,
11185,โรงพยาบาล,เชียงม่วน,ต่ออายุ,พะเยา   ,ภาคเหนือ,ภาครัฐ-ชุมชน ,รพช.(F2),สำนักปลัดกระทรวง กระทรวงสาธารณสุข,Re-acc. ครั้งที่ 1,2568,,,,,,,,,,,,,
11186,โรงพยาบาล,ดอกคำใต้,ต่ออายุ,พะเยา   ,ภาคเหนือ,ภาครัฐ-ชุมชน ,รพช.(F2),สำนักปลัดกระทรวง กระทรวงสาธารณสุข,Re-acc. ครั้งที่ 1,2568,,,,,,,,,,,,,
11187,โรงพยาบาล,ปง,ต่ออายุ,พะเยา   ,ภาคเหนือ,ภาครัฐ-ชุมชน ,รพช.(F2),สำนักปลัดกระทรวง กระทรวงสาธารณสุข,Re-acc. ครั้งที่ 3,2568,,,,,,,,,,,,,
11188,โรงพยาบาล,แม่ใจ,ต่ออายุ,พะเยา   ,ภาคเหนือ,ภาครัฐ-ชุมชน ,รพช.(F2),สำนักปลัดกระทรวง กระทรวงสาธารณสุข,Re-acc. ครั้งที่ 1,2568,,,,,,,,,,,,,
11189,โรงพยาบาล,เทิง,ต่ออายุ,เชียงราย   ,ภาคเหนือ,ภาครัฐ-ชุมชน ,รพช.(F1),สำนักปลัดกระทรวง กระทรวงสาธารณสุข,Re-acc. ครั้งที่ 2,2568,,,,,,,,,,,,,
11190,โรงพยาบาล,พาน,ต่ออายุ,เชียงราย   ,ภาคเหนือ,ภาครัฐ-ชุมชน ,รพช.(M2),สำนักปลัดกระทรวง กระทรวงสาธารณสุข,Re-acc. ครั้งที่ 3,2568,,,,,,,,,,,,,
11191,โรงพยาบาล,ป่าแดด,ต่ออายุ,เชียงราย   ,ภาคเหนือ,ภาครัฐ-ชุมชน ,รพช.(F2),สำนักปลัดกระทรวง กระทรวงสาธารณสุข,Re-acc. ครั้งที่ 6,2568,,,,,,,,,,,,,
11192,โรงพยาบาล,แม่จัน,ต่ออายุ,เชียงราย   ,ภาคเหนือ,ภาครัฐ-ชุมชน ,รพช.(M2),สำนักปลัดกระทรวง กระทรวงสาธารณสุข,Re-acc. ครั้งที่ 5,2568,,,,,,,,,,,,,
11193,โรงพยาบาล,เชียงแสน,ต่ออายุ,เชียงราย   ,ภาคเหนือ,ภาครัฐ-ชุมชน ,รพช.(F1),สำนักปลัดกระทรวง กระทรวงสาธารณสุข,Re-acc. ครั้งที่ 4,2568,,,,,,,,,,,,,
11194,โรงพยาบาล,แม่สาย,ต่ออายุ,เชียงราย   ,ภาคเหนือ,ภาครัฐ-ทั่วไป,รพท.(M1),สำนักปลัดกระทรวง กระทรวงสาธารณสุข,Re-acc. ครั้งที่ 5,2568,,,,,,,,,,,,,
11195,โรงพยาบาล,แม่สรวย,ต่ออายุ,เชียงราย   ,ภาคเหนือ,ภาครัฐ-ชุมชน ,รพช.(F2),สำนักปลัดกระทรวง กระทรวงสาธารณสุข,Re-acc. ครั้งที่ 3,2568,,,,,,,,,,,,,
11196,โรงพยาบาล,เวียงป่าเป้า,ต่ออายุ,เชียงราย   ,ภาคเหนือ,ภาครัฐ-ชุมชน ,รพช.(F1),สำนักปลัดกระทรวง กระทรวงสาธารณสุข,Re-acc. ครั้งที่ 3,2568,,,,,,,,,,,,,
11197,โรงพยาบาล,พญาเม็งราย,ต่ออายุ,เชียงราย   ,ภาคเหนือ,ภาครัฐ-ชุมชน ,รพช.(F2),สำนักปลัดกระทรวง กระทรวงสาธารณสุข,Re-acc. ครั้งที่ 4,2568,,,,,,,,,,,,,
11198,โรงพยาบาล,เวียงแก่น,ต่ออายุ,เชียงราย   ,ภาคเหนือ,ภาครัฐ-ชุมชน ,รพช.(F2),สำนักปลัดกระทรวง กระทรวงสาธารณสุข,Re-acc. ครั้งที่ 3,2568,,,,,,,,,,,,,
11199,โรงพยาบาล,ขุนตาล,ต่ออายุ,เชียงราย   ,ภาคเหนือ,ภาครัฐ-ชุมชน ,รพช.(F2),สำนักปลัดกระทรวง กระทรวงสาธารณสุข,Re-acc. ครั้งที่ 4,2568,,,,,,,,,,,,,
11200,โรงพยาบาล,แม่ฟ้าหลวง,สมัครใหม่,เชียงราย   ,ภาคเหนือ,ภาครัฐ-ชุมชน ,รพช.(F2),สำนักปลัดกระทรวง กระทรวงสาธารณสุข,Re-acc. ครั้งที่ 2,2568,,,,,,,,,,,,,
11201,โรงพยาบาล,แม่ลาว,ต่ออายุ,เชียงราย   ,ภาคเหนือ,ภาครัฐ-ชุมชน ,รพช.(F2),สำนักปลัดกระทรวง กระทรวงสาธารณสุข,Re-acc. ครั้งที่ 2,2568,,,,,,,,,,,,,
11202,โรงพยาบาล,เวียงเชียงรุ้ง,ต่ออายุ,เชียงราย   ,ภาคเหนือ,ภาครัฐ-ชุมชน ,รพช.(F2),สำนักปลัดกระทรวง กระทรวงสาธารณสุข,Re-acc. ครั้งที่ 1,2568,,,,,,,,,,,,,
11203,โรงพยาบาล,ขุนยวม,ต่ออายุ,แม่ฮ่องสอน   ,ภาคเหนือ,ภาครัฐ-ชุมชน ,รพช.(F2),สำนักปลัดกระทรวง กระทรวงสาธารณสุข,Re-acc. ครั้งที่ 3,2568,,,,,,,,,,,,,
11204,โรงพยาบาล,ปาย,ต่ออายุ,แม่ฮ่องสอน   ,ภาคเหนือ,ภาครัฐ-ชุมชน ,รพช.(F1),สำนักปลัดกระทรวง กระทรวงสาธารณสุข,Re-acc. ครั้งที่ 4,2568,,,,,,,,,,,,,
11205,โรงพยาบาล,แม่สะเรียง,ต่ออายุ,แม่ฮ่องสอน   ,ภาคเหนือ,ภาครัฐ-ชุมชน ,รพช.(M2),สำนักปลัดกระทรวง กระทรวงสาธารณสุข,Re-acc. ครั้งที่ 1,2568,,,,,,,,,,,,,
11206,โรงพยาบาล,แม่ลาน้อย,ต่ออายุ,แม่ฮ่องสอน   ,ภาคเหนือ,ภาครัฐ-ชุมชน ,รพช.(F2),สำนักปลัดกระทรวง กระทรวงสาธารณสุข,Re-acc. ครั้งที่ 1,2568,,,,,,,,,,,,,
11207,โรงพยาบาล,สบเมย,ต่ออายุ,แม่ฮ่องสอน   ,ภาคเหนือ,ภาครัฐ-ชุมชน ,รพช.(F2),สำนักปลัดกระทรวง กระทรวงสาธารณสุข,Re-acc. ครั้งที่ 1,2568,,,,,,,,,,,,,
11208,โรงพยาบาล,ปางมะผ้า,ต่ออายุ,แม่ฮ่องสอน   ,ภาคเหนือ,ภาครัฐ-ชุมชน ,รพช.(F2),สำนักปลัดกระทรวง กระทรวงสาธารณสุข,Re-acc. ครั้งที่ 1,2568,,,,,,,,,,,,,
11452,โรงพยาบาล,สมเด็จพระยุพราชเด่นชัย,ต่ออายุ,แพร่   ,ภาคเหนือ,ภาครัฐ-ชุมชน ,รพช.(F1),สำนักปลัดกระทรวง กระทรวงสาธารณสุข,Re-acc. ครั้งที่ 2,2568,,,,,,,,,,,,,
11453,โรงพยาบาล,สมเด็จพระยุพราชปัว,ต่ออายุ,น่าน   ,ภาคเหนือ,ภาครัฐ-ชุมชน ,รพช.(M2),สำนักปลัดกระทรวง กระทรวงสาธารณสุข,Re-acc. ครั้งที่ 4,2568,,,,,,,,,,,,,
11454,โรงพยาบาล,สมเด็จพระยุพราชเชียงของ,ต่ออายุ,เชียงราย   ,ภาคเหนือ,ภาครัฐ-ชุมชน ,รพช.(M2),สำนักปลัดกระทรวง กระทรวงสาธารณสุข,Re-acc. ครั้งที่ 4,2568,,,,,,,,,,,,,
11508,โรงพยาบาล,ค่ายกาวิละ,ต่ออายุ,เชียงใหม่   ,ภาคเหนือ,ภาครัฐ-ชุมชน ,รพช.(F2),กรมแพทย์ทหารบก กระทรวงกลาโหม,Re-acc. ครั้งที่ 3,2568,,,,,,,,,,,,,
11510,โรงพยาบาล,ค่ายสุริยพงษ์,ต่ออายุ,น่าน   ,ภาคเหนือ,ภาครัฐ-ชุมชน ,รพช.(F3),กรมแพทย์ทหารบก กระทรวงกลาโหม,Re-acc. ครั้งที่ 2,2568,,,,,,,,,,,,,
11512,โรงพยาบาล,ค่ายสุรศักดิ์มนตรี,ต่ออายุ,ลำปาง   ,ภาคเหนือ,ภาครัฐ-ทั่วไป,รพ.ระดับเทียบเท่า รพท.,กรมแพทย์ทหารบก กระทรวงกลาโหม,Re-acc. ครั้งที่ 3,2568,,,,,,,,,,,,,
11643,โรงพยาบาล,ดอยหล่อ,ต่ออายุ,เชียงใหม่   ,ภาคเหนือ,ภาครัฐ-ชุมชน ,รพช.(F2),สำนักปลัดกระทรวง กระทรวงสาธารณสุข,Re-acc. ครั้งที่ 2,2568,,,,,,,,,,,,,
11980,โรงพยาบาล,แมคคอร์มิค,N/A,เชียงใหม่,ภาคเหนือ,ภาคเอกชน,ภาคเอกชน,เอกชน-non profit (จัดตั้งโดยมูลนิธิ),ได้รับการต่ออายุการรับรองกระบวนการคุณภาพ ครั้งที่ 3,2568,,,,,,,,,,,,,
11991,โรงพยาบาล,ราชเวช เชียงใหม่,ต่ออายุ,เชียงใหม่   ,ภาคเหนือ,ภาคเอกชน,เอกชนระดับเทียบเท่า รพท.,เอกชน,Re-acc. ครั้งที่ 3,2568,,,,,,,,,,,,,
12011,โรงพยาบาล,แพร่คริสเตียน,สมัครใหม่,แพร่   ,ภาคเหนือ,ภาคเอกชน,เอกชนระดับเทียบเท่า รพช.,เอกชน,ขั้น 1,2568,,,,,,,,,,,,,
12024,โรงพยาบาล,โอเวอร์บรุ๊ค,ต่ออายุ,เชียงราย   ,ภาคเหนือ,ภาคเอกชน,เอกชนระดับเทียบเท่า รพท.,เอกชน,Re-acc. ครั้งที่ 5,2568,,,,,,,,,,,,,
12026,โรงพยาบาล,เกษมราษฎร์ ศรีบุรินทร์,ต่ออายุ,เชียงราย   ,ภาคเหนือ,ภาคเอกชน,รพ.ระดับเทียบเท่า รพศ.,เอกชน,Re-acc. ครั้งที่ 3,2568,,,,,,,,,,,,,
12279,โรงพยาบาล,ส่งเสริมสุขภาพ ศูนย์อนามัยที่ 1,ต่ออายุ,เชียงใหม่   ,ภาคเหนือ,ภาครัฐ-ชุมชน ,รพช.(M2),กรมอนามัย กระทรวงสาธารณสุข,Re-acc. ครั้งที่ 2,2568,,,,,,,,,,,,,
12280,โรงพยาบาล,สวนปรุง,ต่ออายุ,เชียงใหม่   ,ภาคเหนือ,ภาครัฐ-Advance (มีการเรียนการสอน) ,รพ.ระดับตติยภูมิหรือเทียบเท่า มีการเรียน-สอนบางสาขา,กรมสุขภาพจิต กระทรวงสาธารณสุข,Re-acc. ครั้งที่ 5,2568,,,,,,,,,,,,,
12281,โรงพยาบาล,ประสาทเชียงใหม่,สมัครใหม่,เชียงใหม่   ,ภาคเหนือ,ภาครัฐ-ตติยภูมิ ,สถาบันเฉพาะทาง,กรมการแพทย์ กระทรวงสาธารณสุข,Re-acc. ครั้งที่ 4,2568,,,,,,,,,,,,,
12283,โรงพยาบาล,มะเร็งลำปาง ,ต่ออายุ,ลำปาง   ,ภาคเหนือ,ภาครัฐ-ตติยภูมิ ,สถาบันเฉพาะทาง,กรมการแพทย์ กระทรวงสาธารณสุข,Re-acc. ครั้งที่ 4,2568,,,,,,,,,,,,,
13775,N/A,สถาบันพัฒนาการเด็กราชนครินทร์,ต่ออายุ,เชียงใหม่   ,ภาคเหนือ,ภาครัฐ-ตติยภูมิ ,สถาบันเฉพาะทาง,กรมสุขภาพจิต กระทรวงสาธารณสุข,Re-acc. ครั้งที่ 4,2568,,,,,,,,,,,,,
13780,โรงพยาบาล,มหาราชนครเชียงใหม่ มหาวิทยาลัยเชียงใหม่,ต่ออายุ,เชียงใหม่   ,ภาคเหนือ,ภาครัฐ-Advance (มีการเรียนการสอน) ,รพ.รร.แพทย์ มีการเรียน-สอนครบทุกสาขา,มหาวิทยาลัย กระทรวงการอุดมศึกษา วิทยาศาสตร์ วิจัยและนวัตกรรม,Re-Advanced HA ครั้งที่ 1,2568,,,,,,,,,,,,,
13785,โรงพยาบาล,ธัญญารักษ์เชียงใหม่,ต่ออายุ,เชียงใหม่   ,ภาคเหนือ,ภาครัฐ-ตติยภูมิ ,สถาบันเฉพาะทาง,กรมการแพทย์ กระทรวงสาธารณสุข,Re-acc. ครั้งที่ 2,2568,,,,,,,,,,,,,
14197,โรงพยาบาล,ธัญญารักษ์แม่ฮ่องสอน,ต่ออายุ,แม่ฮ่องสอน   ,ภาคเหนือ,ภาครัฐ-ตติยภูมิ ,สถาบันเฉพาะทาง,กรมการแพทย์ กระทรวงสาธารณสุข,Re-acc. ครั้งที่ 2,2568,,,,,,,,,,,,,
14550,โรงพยาบาล,เชียงใหม่ใกล้หมอ,ต่ออายุ,เชียงใหม่   ,ภาคเหนือ,ภาคเอกชน,เอกชนระดับเทียบเท่า รพท.,เอกชน,Re-acc. ครั้งที่ 1,2568,,,,,,,,,,,,,
14916,โรงพยาบาล,เชียงใหม่ ฮอสพิทอล,ต่ออายุ,เชียงใหม่   ,ภาคเหนือ,ภาคเอกชน,เอกชนระดับเทียบเท่า รพท.,เอกชน,ขั้น 2,2568,,,,,,,,,,,,,
14933,โรงพยาบาล,ค่ายเม็งรายมหาราช,ต่ออายุ,เชียงราย   ,ภาคเหนือ,ภาครัฐ-ทั่วไป,รพท.(M1),กรมแพทย์ทหารบก กระทรวงกลาโหม,Re-acc. ครั้งที่ 3,2568,,,,,,,,,,,,,
15012,โรงพยาบาล,สมเด็จพระญาณสังวร,ต่ออายุ,เชียงราย   ,ภาคเหนือ,ภาครัฐ-ชุมชน ,รพช.(F1),สำนักปลัดกระทรวง กระทรวงสาธารณสุข,Re-acc. ครั้งที่ 4,2568,,,,,,,,,,,,,
15140,โรงพยาบาล,ค่ายขุนเจืองธรรมิกราช,ต่ออายุ,พะเยา   ,ภาคเหนือ,ภาครัฐ-ชุมชน ,รพช.(F3),กรมแพทย์ทหารบก กระทรวงกลาโหม,Re-acc. ครั้งที่ 2,2568,,,,,,,,,,,,,
24956,โรงพยาบาล,เวียงหนองล่อง,ต่ออายุ,ลำพูน   ,ภาคเหนือ,ภาครัฐ-ชุมชน ,รพช.(F2),สำนักปลัดกระทรวง กระทรวงสาธารณสุข,ขั้น 2,2568,,,,,,,,,,,,,
28823,โรงพยาบาล,ดอยหลวง,ต่ออายุ,เชียงราย   ,ภาคเหนือ,ภาครัฐ-ชุมชน ,รพช.(F3),สำนักปลัดกระทรวง กระทรวงสาธารณสุข,ยังไม่เคยเข้าสู่กระบวนการรับรอง,2568,,,,,,,,,,,,,
40540,โรงพยาบาล,ทั่วไปขนาดใหญ่กรุงเทพเชียงใหม่,,เชียงใหม่,ภาคเหนือ,ภาคเอกชน,ภาคเอกชน,เอกชน-profit (จัดตั้งโดยบริษัท),ขั้น 0,2568,,,,,,,,,,,,,
40744,โรงพยาบาล,ภูซาง,ต่ออายุ,พะเยา   ,ภาคเหนือ,ภาครัฐ-ชุมชน ,รพช.(F3),สำนักปลัดกระทรวง กระทรวงสาธารณสุข,ยังไม่เคยเข้าสู่กระบวนการรับรอง,2568,,,,,,,,,,,,,
40745,โรงพยาบาล,ภูกามยาว,ต่ออายุ,พะเยา   ,ภาคเหนือ,ภาครัฐ-ชุมชน ,รพช.(F3),สำนักปลัดกระทรวง กระทรวงสาธารณสุข,ยังไม่เคยเข้าสู่กระบวนการรับรอง,2568,,,,,,,,,,,,,
41347,โรงพยาบาล,มหาวิทยาลัยพะเยา,ต่ออายุ,พะเยา   ,ภาคเหนือ,ภาครัฐ-Advance (มีการเรียนการสอน) ,รพ.ระดับตติยภูมิหรือเทียบเท่า มีการเรียน-สอนบางสาขา,มหาวิทยาลัย กระทรวงการอุดมศึกษา วิทยาศาสตร์ วิจัยและนวัตกรรม,ขั้น 2,2568,,,,,,,,,,,,,
41509,โรงพยาบาล,ศูนย์การแพทย์มหาวิทยาลัยแม่ฟ้าหลวง,ต่ออายุ,เชียงราย   ,ภาคเหนือ,ภาครัฐ-Advance (มีการเรียนการสอน) ,รพ.ระดับตติยภูมิหรือเทียบเท่า มีการเรียน-สอนบางสาขา,มหาวิทยาลัย กระทรวงการอุดมศึกษา วิทยาศาสตร์ วิจัยและนวัตกรรม,ขั้น 3 (Accreditation),2568,,,,,,,,,,,,,
41574,โรงพยาบาล,กรุงเทพเชียงราย,สมัครใหม่,เชียงราย   ,ภาคเหนือ,ภาคเอกชน,เอกชนระดับเทียบเท่า รพท.,เอกชน,ขั้น 1,2568,,,,,,,,,,,,,
10669,โรงพยาบาล,สรรพสิทธิประสงค์,ต่ออายุ,อุบลราชธานี   ,ภาคตะวันออกเฉียงเหนือ,ภาครัฐ-ตติยภูมิ ,รพศ.(A),สำนักปลัดกระทรวง กระทรวงสาธารณสุข,Re-acc. ครั้งที่ 4,2568,,,,,,,,,,,,,
10700,โรงพยาบาล,ศรีสะเกษ,ต่ออายุ,ศรีสะเกษ   ,ภาคตะวันออกเฉียงเหนือ,ภาครัฐ-Advance (มีการเรียนการสอน) ,รพศ.(A) มีการเรียน-สอนบางสาขา,สำนักปลัดกระทรวง กระทรวงสาธารณสุข,Re-acc. ครั้งที่ 5,2568,,,,,,,,,,,,,
10701,โรงพยาบาล,ยโสธร,ต่ออายุ,ยโสธร   ,ภาคตะวันออกเฉียงเหนือ,ภาครัฐ-ทั่วไป,รพท.(S),สำนักปลัดกระทรวง กระทรวงสาธารณสุข,Re-acc. ครั้งที่ 3,2568,,,,,,,,,,,,,
10703,โรงพยาบาล,อำนาจเจริญ,ต่ออายุ,อำนาจเจริญ   ,ภาคตะวันออกเฉียงเหนือ,ภาครัฐ-ทั่วไป,รพท.(S),สำนักปลัดกระทรวง กระทรวงสาธารณสุข,Re-acc. ครั้งที่ 3,2568,,,,,,,,,,,,,
10712,โรงพยาบาล,มุกดาหาร,ต่ออายุ,มุกดาหาร   ,ภาคตะวันออกเฉียงเหนือ,ภาครัฐ-ทั่วไป,รพท.(S),สำนักปลัดกระทรวง กระทรวงสาธารณสุข,Re-acc. ครั้งที่ 4,2568,,,,,,,,,,,,,
10928,โรงพยาบาล,กันทรารมย์,ต่ออายุ,ศรีสะเกษ   ,ภาคตะวันออกเฉียงเหนือ,ภาครัฐ-ชุมชน ,รพช.(M2),สำนักปลัดกระทรวง กระทรวงสาธารณสุข,Re-acc. ครั้งที่ 2,2568,,,,,,,,,,,,,
10929,โรงพยาบาล,กันทรลักษ์,ต่ออายุ,ศรีสะเกษ   ,ภาคตะวันออกเฉียงเหนือ,ภาครัฐ-ทั่วไป,รพท.(M1),สำนักปลัดกระทรวง กระทรวงสาธารณสุข,Re-acc. ครั้งที่ 3,2568,,,,,,,,,,,,,
10930,โรงพยาบาล,ขุขันธ์,ต่ออายุ,ศรีสะเกษ   ,ภาคตะวันออกเฉียงเหนือ,ภาครัฐ-ชุมชน ,รพช.(M2),สำนักปลัดกระทรวง กระทรวงสาธารณสุข,Re-acc. ครั้งที่ 3,2568,,,,,,,,,,,,,
10931,โรงพยาบาล,ไพรบึง,ต่ออายุ,ศรีสะเกษ   ,ภาคตะวันออกเฉียงเหนือ,ภาครัฐ-ชุมชน ,รพช.(F2),สำนักปลัดกระทรวง กระทรวงสาธารณสุข,Re-acc. ครั้งที่ 2,2568,,,,,,,,,,,,,
10932,โรงพยาบาล,ปรางค์กู่,ต่ออายุ,ศรีสะเกษ   ,ภาคตะวันออกเฉียงเหนือ,ภาครัฐ-ชุมชน ,รพช.(F2),สำนักปลัดกระทรวง กระทรวงสาธารณสุข,Re-acc. ครั้งที่ 3,2568,,,,,,,,,,,,,
10933,โรงพยาบาล,ขุนหาญ,ต่ออายุ,ศรีสะเกษ   ,ภาคตะวันออกเฉียงเหนือ,ภาครัฐ-ชุมชน ,รพช.(M2),สำนักปลัดกระทรวง กระทรวงสาธารณสุข,Re-acc. ครั้งที่ 4,2568,,,,,,,,,,,,,
10934,โรงพยาบาล,ราษีไศล,ต่ออายุ,ศรีสะเกษ   ,ภาคตะวันออกเฉียงเหนือ,ภาครัฐ-ชุมชน ,รพช.(M2),สำนักปลัดกระทรวง กระทรวงสาธารณสุข,Re-acc. ครั้งที่ 4,2568,,,,,,,,,,,,,
10935,โรงพยาบาล,อุทุมพรพิสัย,ต่ออายุ,ศรีสะเกษ   ,ภาคตะวันออกเฉียงเหนือ,ภาครัฐ-ชุมชน ,รพช.(M2),สำนักปลัดกระทรวง กระทรวงสาธารณสุข,Re-acc. ครั้งที่ 5,2568,,,,,,,,,,,,,
10936,โรงพยาบาล,บึงบูรพ์,ต่ออายุ,ศรีสะเกษ   ,ภาคตะวันออกเฉียงเหนือ,ภาครัฐ-ชุมชน ,รพช.(F2),สำนักปลัดกระทรวง กระทรวงสาธารณสุข,Re-acc. ครั้งที่ 2,2568,,,,,,,,,,,,,
10937,โรงพยาบาล,ห้วยทับทัน,ต่ออายุ,ศรีสะเกษ   ,ภาคตะวันออกเฉียงเหนือ,ภาครัฐ-ชุมชน ,รพช.(F2),สำนักปลัดกระทรวง กระทรวงสาธารณสุข,Re-acc. ครั้งที่ 2,2568,,,,,,,,,,,,,
10938,โรงพยาบาล,โนนคูณ,ต่ออายุ,ศรีสะเกษ   ,ภาคตะวันออกเฉียงเหนือ,ภาครัฐ-ชุมชน ,รพช.(F2),สำนักปลัดกระทรวง กระทรวงสาธารณสุข,ขั้น 3 (Accreditation),2568,,,,,,,,,,,,,
10939,โรงพยาบาล,ศรีรัตนะ,ต่ออายุ,ศรีสะเกษ   ,ภาคตะวันออกเฉียงเหนือ,ภาครัฐ-ชุมชน ,รพช.(F1),สำนักปลัดกระทรวง กระทรวงสาธารณสุข,Re-acc. ครั้งที่ 2,2568,,,,,,,,,,,,,
10940,โรงพยาบาล,วังหิน,ต่ออายุ,ศรีสะเกษ   ,ภาคตะวันออกเฉียงเหนือ,ภาครัฐ-ชุมชน ,รพช.(F2),สำนักปลัดกระทรวง กระทรวงสาธารณสุข,Re-acc. ครั้งที่ 1,2568,,,,,,,,,,,,,
10941,โรงพยาบาล,น้ำเกลี้ยง,ต่ออายุ,ศรีสะเกษ   ,ภาคตะวันออกเฉียงเหนือ,ภาครัฐ-ชุมชน ,รพช.(F2),สำนักปลัดกระทรวง กระทรวงสาธารณสุข,Re-acc. ครั้งที่ 4,2568,,,,,,,,,,,,,
10943,โรงพยาบาล,เมืองจันทร์,ต่ออายุ,ศรีสะเกษ   ,ภาคตะวันออกเฉียงเหนือ,ภาครัฐ-ตติยภูมิ ,สถาบันเฉพาะทาง,สำนักปลัดกระทรวง กระทรวงสาธารณสุข,Re-acc. ครั้งที่ 3,2568,,,,,,,,,,,,,
10944,โรงพยาบาล,ศรีเมืองใหม่,ต่ออายุ,อุบลราชธานี   ,ภาคตะวันออกเฉียงเหนือ,ภาครัฐ-ชุมชน ,รพช.(F2),สำนักปลัดกระทรวง กระทรวงสาธารณสุข,Re-acc. ครั้งที่ 2,2568,,,,,,,,,,,,,
10945,โรงพยาบาล,โขงเจียม,ต่ออายุ,อุบลราชธานี   ,ภาคตะวันออกเฉียงเหนือ,ภาครัฐ-ชุมชน ,รพช.(F2),สำนักปลัดกระทรวง กระทรวงสาธารณสุข,Re-acc. ครั้งที่ 1,2568,,,,,,,,,,,,,
10946,โรงพยาบาล,เขื่องใน,ต่ออายุ,อุบลราชธานี   ,ภาคตะวันออกเฉียงเหนือ,ภาครัฐ-ชุมชน ,รพช.(F1),สำนักปลัดกระทรวง กระทรวงสาธารณสุข,Re-acc. ครั้งที่ 3,2568,,,,,,,,,,,,,
10949,โรงพยาบาล,น้ำยืน,ต่ออายุ,อุบลราชธานี   ,ภาคตะวันออกเฉียงเหนือ,ภาครัฐ-ชุมชน ,รพช.(F1),สำนักปลัดกระทรวง กระทรวงสาธารณสุข,Re-acc. ครั้งที่ 3,2568,,,,,,,,,,,,,
10951,โรงพยาบาล,ตระการพืชผล,ต่ออายุ,อุบลราชธานี   ,ภาคตะวันออกเฉียงเหนือ,ภาครัฐ-ตติยภูมิ ,รพศ.(A),สำนักปลัดกระทรวง กระทรวงสาธารณสุข,Re-acc. ครั้งที่ 4,2568,,,,,,,,,,,,,
10952,โรงพยาบาล,กุดข้าวปุ้น,ต่ออายุ,อุบลราชธานี   ,ภาคตะวันออกเฉียงเหนือ,ภาครัฐ-ชุมชน ,รพช.(F2),สำนักปลัดกระทรวง กระทรวงสาธารณสุข,Re-acc. ครั้งที่ 2,2568,,,,,,,,,,,,,
10953,โรงพยาบาล,ม่วงสามสิบ,ต่ออายุ,อุบลราชธานี   ,ภาคตะวันออกเฉียงเหนือ,ภาครัฐ-ชุมชน ,รพช.(F1),สำนักปลัดกระทรวง กระทรวงสาธารณสุข,Re-acc. ครั้งที่ 3,2568,,,,,,,,,,,,,
10954,โรงพยาบาล,วารินชำราบ,ต่ออายุ,อุบลราชธานี   ,ภาคตะวันออกเฉียงเหนือ,ภาครัฐ-ทั่วไป,รพ.ระดับเทียบเท่า รพท.,สำนักปลัดกระทรวง กระทรวงสาธารณสุข,Re-acc. ครั้งที่ 3,2568,,,,,,,,,,,,,
10956,โรงพยาบาล,พิบูลมังสาหาร,ต่ออายุ,อุบลราชธานี   ,ภาคตะวันออกเฉียงเหนือ,ภาครัฐ-ชุมชน ,รพช.(M2),สำนักปลัดกระทรวง กระทรวงสาธารณสุข,Re-acc. ครั้งที่ 4,2568,,,,,,,,,,,,,
10959,โรงพยาบาล,สำโรง,ต่ออายุ,อุบลราชธานี   ,ภาคตะวันออกเฉียงเหนือ,ภาครัฐ-ชุมชน ,รพช.(F2),สำนักปลัดกระทรวง กระทรวงสาธารณสุข,Re-acc. ครั้งที่ 2,2568,,,,,,,,,,,,,
10961,โรงพยาบาล,สิรินธร อุบลราชธานี,สมัครใหม่,อุบลราชธานี   ,ภาคตะวันออกเฉียงเหนือ,ภาครัฐ-ชุมชน ,รพช.(F2),สำนักปลัดกระทรวง กระทรวงสาธารณสุข,ขั้น 3 (Accreditation),2568,,,,,,,,,,,,,
10962,โรงพยาบาล,ทุ่งศรีอุดม,ต่ออายุ,อุบลราชธานี   ,ภาคตะวันออกเฉียงเหนือ,ภาครัฐ-ชุมชน ,รพช.(F2),สำนักปลัดกระทรวง กระทรวงสาธารณสุข,Re-acc. ครั้งที่ 1,2568,,,,,,,,,,,,,
10963,โรงพยาบาล,ทรายมูล,ต่ออายุ,ยโสธร   ,ภาคตะวันออกเฉียงเหนือ,ภาครัฐ-ชุมชน ,รพช.(F2),สำนักปลัดกระทรวง กระทรวงสาธารณสุข,Re-acc. ครั้งที่ 2,2568,,,,,,,,,,,,,
10964,โรงพยาบาล,กุดชุม,ต่ออายุ,ยโสธร   ,ภาคตะวันออกเฉียงเหนือ,ภาครัฐ-ชุมชน ,รพช.(F3),สำนักปลัดกระทรวง กระทรวงสาธารณสุข,Re-acc. ครั้งที่ 1,2568,,,,,,,,,,,,,
10965,โรงพยาบาล,คำเขื่อนแก้ว,ต่ออายุ,ยโสธร   ,ภาคตะวันออกเฉียงเหนือ,ภาครัฐ-ชุมชน ,รพช.(F2),สำนักปลัดกระทรวง กระทรวงสาธารณสุข,Re-acc. ครั้งที่ 1,2568,,,,,,,,,,,,,
10966,โรงพยาบาล,ป่าติ้ว,ต่ออายุ,ยโสธร   ,ภาคตะวันออกเฉียงเหนือ,ภาครัฐ-ทั่วไป,รพท.(S),สำนักปลัดกระทรวง กระทรวงสาธารณสุข,Re-acc. ครั้งที่ 3,2568,,,,,,,,,,,,,
10967,โรงพยาบาล,มหาชนะชัย,ต่ออายุ,ยโสธร   ,ภาคตะวันออกเฉียงเหนือ,ภาครัฐ-ชุมชน ,รพช.(F2),สำนักปลัดกระทรวง กระทรวงสาธารณสุข,Re-acc. ครั้งที่ 3,2568,,,,,,,,,,,,,
10968,โรงพยาบาล,ค้อวัง,ต่ออายุ,ยโสธร   ,ภาคตะวันออกเฉียงเหนือ,ภาครัฐ-ชุมชน ,รพช.(F2),สำนักปลัดกระทรวง กระทรวงสาธารณสุข,Re-acc. ครั้งที่ 2,2568,,,,,,,,,,,,,
10969,โรงพยาบาล,ไทยเจริญ,ต่ออายุ,ยโสธร   ,ภาคตะวันออกเฉียงเหนือ,ภาครัฐ-ชุมชน ,รพช.(F2),สำนักปลัดกระทรวง กระทรวงสาธารณสุข,Re-acc. ครั้งที่ 2,2568,,,,,,,,,,,,,
10985,โรงพยาบาล,ชานุมาน,ต่ออายุ,อำนาจเจริญ   ,ภาคตะวันออกเฉียงเหนือ,ภาครัฐ-ชุมชน ,รพช.(F2),สำนักปลัดกระทรวง กระทรวงสาธารณสุข,Re-acc. ครั้งที่ 3,2568,,,,,,,,,,,,,
10986,โรงพยาบาล,ปทุมราชวงศา,ต่ออายุ,อำนาจเจริญ   ,ภาคตะวันออกเฉียงเหนือ,ภาครัฐ-ชุมชน ,รพช.(F2),สำนักปลัดกระทรวง กระทรวงสาธารณสุข,Re-acc. ครั้งที่ 4,2568,,,,,,,,,,,,,
10987,โรงพยาบาล,พนา,ต่ออายุ,อำนาจเจริญ   ,ภาคตะวันออกเฉียงเหนือ,ภาครัฐ-ชุมชน ,รพช.(F2),สำนักปลัดกระทรวง กระทรวงสาธารณสุข,Re-acc. ครั้งที่ 4,2568,,,,,,,,,,,,,
10988,โรงพยาบาล,เสนางคนิคม,ต่ออายุ,อำนาจเจริญ   ,ภาคตะวันออกเฉียงเหนือ,ภาครัฐ-ชุมชน ,รพช.(F2),สำนักปลัดกระทรวง กระทรวงสาธารณสุข,Re-acc. ครั้งที่ 3,2568,,,,,,,,,,,,,
10989,โรงพยาบาล,หัวตะพาน,ต่ออายุ,อำนาจเจริญ   ,ภาคตะวันออกเฉียงเหนือ,ภาครัฐ-ชุมชน ,รพช.(F1),สำนักปลัดกระทรวง กระทรวงสาธารณสุข,Re-acc. ครั้งที่ 3,2568,,,,,,,,,,,,,
10990,โรงพยาบาล,ลืออำนาจ,ต่ออายุ,อำนาจเจริญ   ,ภาคตะวันออกเฉียงเหนือ,ภาครัฐ-ชุมชน ,รพช.(F2),สำนักปลัดกระทรวง กระทรวงสาธารณสุข,Re-acc. ครั้งที่ 3,2568,,,,,,,,,,,,,
11114,โรงพยาบาล,ดอนตาล,ต่ออายุ,มุกดาหาร   ,ภาคตะวันออกเฉียงเหนือ,ภาครัฐ-ชุมชน ,รพช.(F2),สำนักปลัดกระทรวง กระทรวงสาธารณสุข,Re-acc. ครั้งที่ 3,2568,,,,,,,,,,,,,
11117,โรงพยาบาล,หว้านใหญ่,ต่ออายุ,มุกดาหาร   ,ภาคตะวันออกเฉียงเหนือ,ภาครัฐ-ชุมชน ,รพช.(F2),สำนักปลัดกระทรวง กระทรวงสาธารณสุข,Re-acc. ครั้งที่ 3,2568,,,,,,,,,,,,,
11118,โรงพยาบาล,หนองสูง,ต่ออายุ,มุกดาหาร   ,ภาคตะวันออกเฉียงเหนือ,ภาครัฐ-ชุมชน ,รพช.(F2),สำนักปลัดกระทรวง กระทรวงสาธารณสุข,Re-acc. ครั้งที่ 2,2568,,,,,,,,,,,,,
11443,โรงพยาบาล,สมเด็จพระยุพราชเดชอุดม,ต่ออายุ,อุบลราชธานี   ,ภาคตะวันออกเฉียงเหนือ,ภาครัฐ-ทั่วไป,รพท.(S),สำนักปลัดกระทรวง กระทรวงสาธารณสุข,Re-acc. ครั้งที่ 2,2568,,,,,,,,,,,,,
11444,โรงพยาบาล,สมเด็จพระยุพราชเลิงนกทา,ต่ออายุ,ยโสธร   ,ภาคตะวันออกเฉียงเหนือ,ภาครัฐ-ชุมชน ,รพช.(M2),สำนักปลัดกระทรวง กระทรวงสาธารณสุข,ขั้น 3 (Accreditation),2568,,,,,,,,,,,,,
11496,โรงพยาบาล,ค่ายสรรพสิทธิประสงค์,ต่ออายุ,อุบลราชธานี   ,ภาคตะวันออกเฉียงเหนือ,ภาครัฐ-ทั่วไป,รพ.ระดับเทียบเท่า รพท.,กรมแพทย์ทหารบก กระทรวงกลาโหม,Re-acc. ครั้งที่ 6,2568,,,,,,,,,,,,,
11913,โรงพยาบาล,ประชารักษ์เวชการ,สมัครใหม่,ศรีสะเกษ   ,ภาคตะวันออกเฉียงเหนือ,ภาคเอกชน,เอกชนระดับเทียบเท่า รพท.,เอกชน,ขั้น 2,2568,,,,,,,,,,,,,
11919,โรงพยาบาล,อุบลรักษ์ ธนบุรี,ต่ออายุ,อุบลราชธานี   ,ภาคตะวันออกเฉียงเหนือ,ภาคเอกชน,เอกชนระดับเทียบเท่า รพท.,เอกชน,Re-acc. ครั้งที่ 1,2568,,,,,,,,,,,,,
11920,โรงพยาบาล,ราชเวชอุบลราชธานี,ต่ออายุ,อุบลราชธานี   ,ภาคตะวันออกเฉียงเหนือ,ภาคเอกชน,เอกชนระดับเทียบเท่า รพท.,เอกชน,ยังไม่เคยเข้าสู่กระบวนการรับรอง,2568,,,,,,,,,,,,,
12269,โรงพยาบาล,พระศรีมหาโพธิ์,ต่ออายุ,อุบลราชธานี   ,ภาคตะวันออกเฉียงเหนือ,ภาครัฐ-Advance (มีการเรียนการสอน) ,สถาบันเฉพาะทาง มีการเรียน-สอนบางสาขา,กรมสุขภาพจิต กระทรวงสาธารณสุข,Re-acc. ครั้งที่ 2,2568,,,,,,,,,,,,,
14201,โรงพยาบาล,มะเร็งอุบลราชธานี,ต่ออายุ,อุบลราชธานี   ,ภาคตะวันออกเฉียงเหนือ,ภาครัฐ-ตติยภูมิ ,สถาบันเฉพาะทาง,กรมการแพทย์ กระทรวงสาธารณสุข,Re-acc. ครั้งที่ 3,2568,,,,,,,,,,,,,
23125,โรงพยาบาล,เบญจลักษ์เฉลิมพระเกียรติ ๘๐ พรรษา,ต่ออายุ,ศรีสะเกษ   ,ภาคตะวันออกเฉียงเหนือ,ภาครัฐ-ชุมชน ,รพช.(F2),สำนักปลัดกระทรวง กระทรวงสาธารณสุข,Re-acc. ครั้งที่ 2,2568,,,,,,,,,,,,,
24821,โรงพยาบาล,นาเยีย,สมัครใหม่,อุบลราชธานี   ,ภาคตะวันออกเฉียงเหนือ,ภาครัฐ-ชุมชน ,รพช.(F2),สำนักปลัดกระทรวง กระทรวงสาธารณสุข,Re-acc. ครั้งที่ 1,2568,,,,,,,,,,,,,
27967,โรงพยาบาล,สว่างวีระวงศ์,ต่ออายุ,อุบลราชธานี   ,ภาคตะวันออกเฉียงเหนือ,ภาครัฐ-ชุมชน ,รพช.(F2),สำนักปลัดกระทรวง กระทรวงสาธารณสุข,Re-acc. ครั้งที่ 1,2568,,,,,,,,,,,,,
27968,โรงพยาบาล,น้ำขุ่น,ต่ออายุ,อุบลราชธานี   ,ภาคตะวันออกเฉียงเหนือ,ภาครัฐ-ชุมชน ,รพช.(F3),สำนักปลัดกระทรวง กระทรวงสาธารณสุข,ขั้น 2,2568,,,,,,,,,,,,,
27976,โรงพยาบาล,เหล่าเสือโก้ก,ต่ออายุ,อุบลราชธานี   ,ภาคตะวันออกเฉียงเหนือ,ภาครัฐ-ชุมชน ,รพช.(F2),สำนักปลัดกระทรวง กระทรวงสาธารณสุข,Re-acc. ครั้งที่ 1,2568,,,,,,,,,,,,,
28014,โรงพยาบาล,พยุห์,ต่ออายุ,ศรีสะเกษ   ,ภาคตะวันออกเฉียงเหนือ,ภาครัฐ-ชุมชน ,รพช.(F2),สำนักปลัดกระทรวง กระทรวงสาธารณสุข,ขั้น 3 (Accreditation),2568,,,,,,,,,,,,,
28015,โรงพยาบาล,โพธิ์ศรีสุวรรณ,ต่ออายุ,ศรีสะเกษ   ,ภาคตะวันออกเฉียงเหนือ,ภาครัฐ-ชุมชน ,รพช.(F2),สำนักปลัดกระทรวง กระทรวงสาธารณสุข,Re-acc. ครั้งที่ 1,2568,,,,,,,,,,,,,
28016,โรงพยาบาล,ศิลาลาด,ต่ออายุ,ศรีสะเกษ   ,ภาคตะวันออกเฉียงเหนือ,ภาครัฐ-ชุมชน ,รพช.(F3),สำนักปลัดกระทรวง กระทรวงสาธารณสุข,ขั้น 3 (Accreditation),2568,,,,,,,,,,,,,
40864,โรงพยาบาล,พริ้นซ์ อุบลราชธานี,ต่ออายุ,อุบลราชธานี   ,ภาคตะวันออกเฉียงเหนือ,ภาคเอกชน,เอกชนระดับเทียบเท่า รพท.,เอกชน,ขั้น 2,2568,,,,,,,,,,,,,
42199,โรงพยาบาล,พริ้นซ์ ศรีสะเกษ,ต่ออายุ,ศรีสะเกษ   ,ภาคตะวันออกเฉียงเหนือ,ภาคเอกชน,เอกชนระดับเทียบเท่า รพท.,เอกชน,ขั้น 2,2568,,,,,,,,,,,,,
53630,โรงพยาบาล,พริ้นซ์ มุกดาหาร,สมัครใหม่,มุกดาหาร   ,ภาคตะวันออกเฉียงเหนือ,ภาคเอกชน,เอกชนระดับเทียบเท่า รพท.,เอกชน,ยังไม่เคยเข้าสู่กระบวนการรับรอง,2568,,,,,,,,,,,,,
10680,โรงพยาบาล,มหาราชนครศรีธรรมราช,ต่ออายุ,นครศรีธรรมราช   ,ภาคใต้,ภาครัฐ-ตติยภูมิ ,รพศ.(A),สำนักปลัดกระทรวง กระทรวงสาธารณสุข,Re-acc. ครั้งที่ 4,2568,,,,,,,,,,,,,
10681,โรงพยาบาล,สุราษฎร์ธานี,ต่ออายุ,สุราษฎร์ธานี   ,ภาคใต้,ภาครัฐ-Advance (มีการเรียนการสอน) ,รพศ.(A) มีการเรียน-สอนบางสาขา,สำนักปลัดกระทรวง กระทรวงสาธารณสุข,Re-acc. ครั้งที่ 2,2568,,,,,,,,,,,,,
10738,โรงพยาบาล,กระบี่,ต่ออายุ,กระบี่   ,ภาคใต้,ภาครัฐ-ทั่วไป,รพท.(S),สำนักปลัดกระทรวง กระทรวงสาธารณสุข,Re-acc. ครั้งที่ 5,2568,,,,,,,,,,,,,
10739,โรงพยาบาล,พังงา,ต่ออายุ,พังงา   ,ภาคใต้,ภาครัฐ-ทั่วไป,รพท.(M1),สำนักปลัดกระทรวง กระทรวงสาธารณสุข,Re-acc. ครั้งที่ 4,2568,,,,,,,,,,,,,
10740,โรงพยาบาล,ตะกั่วป่า,ต่ออายุ,พังงา   ,ภาคใต้,ภาครัฐ-ทั่วไป,รพท.(M1),สำนักปลัดกระทรวง กระทรวงสาธารณสุข,Re-acc. ครั้งที่ 3,2568,,,,,,,,,,,,,
10741,โรงพยาบาล,วชิระภูเก็ต,ต่ออายุ,ภูเก็ต   ,ภาคใต้,ภาครัฐ-Advance (มีการเรียนการสอน) ,รพศ.(A) มีการเรียน-สอนครบทุกสาขา,สำนักปลัดกระทรวง กระทรวงสาธารณสุข,Re-acc. ครั้งที่ 2,2568,,,,,,,,,,,,,
10742,โรงพยาบาล,เกาะสมุย,ต่ออายุ,สุราษฎร์ธานี   ,ภาคใต้,ภาครัฐ-ทั่วไป,รพท.(M1),สำนักปลัดกระทรวง กระทรวงสาธารณสุข,Re-acc. ครั้งที่ 2,2568,,,,,,,,,,,,,
10743,โรงพยาบาล,ระนอง,ต่ออายุ,ระนอง   ,ภาคใต้,ภาครัฐ-ทั่วไป,รพท.(S),สำนักปลัดกระทรวง กระทรวงสาธารณสุข,Re-acc. ครั้งที่ 2,2568,,,,,,,,,,,,,
10744,โรงพยาบาล,ชุมพรเขตรอุดมศักดิ์,ต่ออายุ,ชุมพร   ,ภาคใต้,ภาครัฐ-ทั่วไป,รพท.(S),สำนักปลัดกระทรวง กระทรวงสาธารณสุข,Re-acc. ครั้งที่ 1,2568,,,,,,,,,,,,,
11323,โรงพยาบาล,ละอุ่น,ต่ออายุ,ระนอง   ,ภาคตะวันออก,ภาครัฐ-ชุมชน ,รพช.(F3),สำนักปลัดกระทรวง กระทรวงสาธารณสุข,Re-acc. ครั้งที่ 2,2568,,,,,,,,,,,,,
11324,โรงพยาบาล,ลานสกา,ต่ออายุ,นครศรีธรรมราช   ,ภาคใต้,ภาครัฐ-ชุมชน ,รพช.(F2),สำนักปลัดกระทรวง กระทรวงสาธารณสุข,Re-acc. ครั้งที่ 2,2568,,,,,,,,,,,,,
11325,โรงพยาบาล,สมเด็จพระยุพราชฉวาง,ต่ออายุ,นครศรีธรรมราช   ,ภาคใต้,ภาครัฐ-ชุมชน ,รพช.(M2),สำนักปลัดกระทรวง กระทรวงสาธารณสุข,Re-acc. ครั้งที่ 3,2568,,,,,,,,,,,,,
11326,โรงพยาบาล,พิปูน,ต่ออายุ,นครศรีธรรมราช   ,ภาคใต้,ภาครัฐ-ชุมชน ,รพช.(F2),สำนักปลัดกระทรวง กระทรวงสาธารณสุข,Re-acc. ครั้งที่ 1,2568,,,,,,,,,,,,,
11327,โรงพยาบาล,เชียรใหญ่,ต่ออายุ,นครศรีธรรมราช   ,ภาคใต้,ภาครัฐ-ชุมชน ,รพช.(F1),สำนักปลัดกระทรวง กระทรวงสาธารณสุข,ขั้น 3 (Accreditation),2568,,,,,,,,,,,,,
11328,โรงพยาบาล,ชะอวด,ต่ออายุ,นครศรีธรรมราช   ,ภาคใต้,ภาครัฐ-ชุมชน ,รพช.(F1),สำนักปลัดกระทรวง กระทรวงสาธารณสุข,Re-acc. ครั้งที่ 3,2568,,,,,,,,,,,,,
11329,โรงพยาบาล,ท่าศาลา,ต่ออายุ,นครศรีธรรมราช   ,ภาคใต้,ภาครัฐ-ทั่วไป,รพท.(M1),สำนักปลัดกระทรวง กระทรวงสาธารณสุข,Re-acc. ครั้งที่ 4,2568,,,,,,,,,,,,,
11330,โรงพยาบาล,ทุ่งสง,ต่ออายุ,นครศรีธรรมราช   ,ภาคใต้,ภาครัฐ-ทั่วไป,รพท.(S),สำนักปลัดกระทรวง กระทรวงสาธารณสุข,Re-acc. ครั้งที่ 3,2568,,,,,,,,,,,,,
11331,โรงพยาบาล,นาบอน,ต่ออายุ,นครศรีธรรมราช   ,ภาคใต้,ภาครัฐ-ชุมชน ,รพช.(F2),สำนักปลัดกระทรวง กระทรวงสาธารณสุข,Re-acc. ครั้งที่ 1,2568,,,,,,,,,,,,,
11332,โรงพยาบาล,ทุ่งใหญ่,ต่ออายุ,นครศรีธรรมราช   ,ภาคใต้,ภาครัฐ-ชุมชน ,รพช.(F1),สำนักปลัดกระทรวง กระทรวงสาธารณสุข,Re-acc. ครั้งที่ 3,2568,,,,,,,,,,,,,
11333,โรงพยาบาล,ปากพนัง,ต่ออายุ,นครศรีธรรมราช   ,ภาคใต้,ภาครัฐ-ชุมชน ,รพช.(M2),สำนักปลัดกระทรวง กระทรวงสาธารณสุข,Re-acc. ครั้งที่ 1,2568,,,,,,,,,,,,,
11334,โรงพยาบาล,ร่อนพิบูลย์,ต่ออายุ,นครศรีธรรมราช   ,ภาคใต้,ภาครัฐ-ชุมชน ,รพช.(F1),สำนักปลัดกระทรวง กระทรวงสาธารณสุข,Re-acc. ครั้งที่ 2,2568,,,,,,,,,,,,,
11335,โรงพยาบาล,สิชล,ต่ออายุ,นครศรีธรรมราช   ,ภาคใต้,ภาครัฐ-ทั่วไป,รพท.(S),สำนักปลัดกระทรวง กระทรวงสาธารณสุข,Re-acc. ครั้งที่ 3,2568,,,,,,,,,,,,,
11336,โรงพยาบาล,ขนอม,ต่ออายุ,นครศรีธรรมราช   ,ภาคใต้,ภาครัฐ-ชุมชน ,รพช.(F2),สำนักปลัดกระทรวง กระทรวงสาธารณสุข,Re-acc. ครั้งที่ 1,2568,,,,,,,,,,,,,
11337,โรงพยาบาล,หัวไทร,ต่ออายุ,นครศรีธรรมราช   ,ภาคใต้,ภาครัฐ-ชุมชน ,รพช.(F2),สำนักปลัดกระทรวง กระทรวงสาธารณสุข,Re-acc. ครั้งที่ 2,2568,,,,,,,,,,,,,
11338,โรงพยาบาล,บางขัน,ต่ออายุ,นครศรีธรรมราช   ,ภาคใต้,ภาครัฐ-ชุมชน ,รพช.(F2),สำนักปลัดกระทรวง กระทรวงสาธารณสุข,ขั้น 3 (Accreditation),2568,,,,,,,,,,,,,
11339,โรงพยาบาล,ถ้ำพรรณรา,ต่ออายุ,นครศรีธรรมราช   ,ภาคใต้,ภาครัฐ-ชุมชน ,รพช.(F3),สำนักปลัดกระทรวง กระทรวงสาธารณสุข,Re-acc. ครั้งที่ 2,2568,,,,,,,,,,,,,
11340,โรงพยาบาล,เขาพนม,ต่ออายุ,กระบี่   ,ภาคใต้,ภาครัฐ-ตติยภูมิ ,สถาบันเฉพาะทาง,สำนักปลัดกระทรวง กระทรวงสาธารณสุข,Re-acc. ครั้งที่ 2,2568,,,,,,,,,,,,,
11342,โรงพยาบาล,คลองท่อม,ต่ออายุ,กระบี่   ,ภาคใต้,ภาครัฐ-ชุมชน ,รพช.(F2),สำนักปลัดกระทรวง กระทรวงสาธารณสุข,ขั้น 3 (Accreditation),2568,,,,,,,,,,,,,
11345,โรงพยาบาล,ลำทับ,ต่ออายุ,กระบี่   ,ภาคใต้,ภาครัฐ-ชุมชน ,รพช.(F2),สำนักปลัดกระทรวง กระทรวงสาธารณสุข,ขั้น 3 (Accreditation),2568,,,,,,,,,,,,,
11346,โรงพยาบาล,เหนือคลอง,สมัครใหม่,กระบี่   ,ภาคใต้,ภาครัฐ-ชุมชน ,รพช.(F1),สำนักปลัดกระทรวง กระทรวงสาธารณสุข,Re-acc. ครั้งที่ 2,2568,,,,,,,,,,,,,
11347,โรงพยาบาล,เกาะยาวชัยพัฒน์,ต่ออายุ,พังงา   ,ภาคใต้,ภาครัฐ-ชุมชน ,รพช.(F2),สำนักปลัดกระทรวง กระทรวงสาธารณสุข,Re-acc. ครั้งที่ 2,2568,,,,,,,,,,,,,
11356,โรงพยาบาล,ถลาง,ต่ออายุ,ภูเก็ต   ,ภาคใต้,ภาครัฐ-ชุมชน ,รพช.(F1),สำนักปลัดกระทรวง กระทรวงสาธารณสุข,Re-acc. ครั้งที่ 1,2568,,,,,,,,,,,,,
11357,โรงพยาบาล,กาญจนดิษฐ์,ต่ออายุ,สุราษฎร์ธานี   ,ภาคใต้,ภาครัฐ-ชุมชน ,รพช.(M2),สำนักปลัดกระทรวง กระทรวงสาธารณสุข,Re-acc. ครั้งที่ 3,2568,,,,,,,,,,,,,
11358,โรงพยาบาล,ดอนสัก,ต่ออายุ,สุราษฎร์ธานี   ,ภาคใต้,ภาครัฐ-ชุมชน ,รพช.(F2),สำนักปลัดกระทรวง กระทรวงสาธารณสุข,Re-acc. ครั้งที่ 2,2568,,,,,,,,,,,,,
11359,โรงพยาบาล,เกาะพะงัน,ต่ออายุ,สุราษฎร์ธานี   ,ภาคใต้,ภาครัฐ-ชุมชน ,รพช.(F1),สำนักปลัดกระทรวง กระทรวงสาธารณสุข,Re-acc. ครั้งที่ 4,2568,,,,,,,,,,,,,
11360,โรงพยาบาล,ไชยา,ต่ออายุ,สุราษฎร์ธานี   ,ภาคใต้,ภาครัฐ-ชุมชน ,รพช.(M2),สำนักปลัดกระทรวง กระทรวงสาธารณสุข,Re-acc. ครั้งที่ 2,2568,,,,,,,,,,,,,
11361,โรงพยาบาล,ท่าชนะ,ต่ออายุ,สุราษฎร์ธานี   ,ภาคใต้,ภาครัฐ-ชุมชน ,รพช.(F2),สำนักปลัดกระทรวง กระทรวงสาธารณสุข,Re-acc. ครั้งที่ 1,2568,,,,,,,,,,,,,
11365,โรงพยาบาล,ท่าฉาง,ต่ออายุ,สุราษฎร์ธานี   ,ภาคใต้,ภาครัฐ-ชุมชน ,รพช.(F2),สำนักปลัดกระทรวง กระทรวงสาธารณสุข,Re-acc. ครั้งที่ 2,2568,,,,,,,,,,,,,
11367,โรงพยาบาล,บ้านนาเดิม,ต่ออายุ,สุราษฎร์ธานี   ,ภาคใต้,ภาครัฐ-ชุมชน ,รพช.(F2),สำนักปลัดกระทรวง กระทรวงสาธารณสุข,Re-acc. ครั้งที่ 2,2568,,,,,,,,,,,,,
11368,โรงพยาบาล,เคียนซา,ต่ออายุ,สุราษฎร์ธานี   ,ภาคใต้,ภาครัฐ-ชุมชน ,รพช.(F2),สำนักปลัดกระทรวง กระทรวงสาธารณสุข,Re-acc. ครั้งที่ 2,2568,,,,,,,,,,,,,
11369,โรงพยาบาล,พระแสง,ต่ออายุ,สุราษฎร์ธานี   ,ภาคใต้,ภาครัฐ-ชุมชน ,รพช.(F1),สำนักปลัดกระทรวง กระทรวงสาธารณสุข,Re-acc. ครั้งที่ 3,2568,,,,,,,,,,,,,
11370,โรงพยาบาล,พุนพิน,ต่ออายุ,สุราษฎร์ธานี   ,ภาคใต้,ภาครัฐ-ชุมชน ,รพช.(F1),สำนักปลัดกระทรวง กระทรวงสาธารณสุข,Re-acc. ครั้งที่ 1,2568,,,,,,,,,,,,,
11371,โรงพยาบาล,ชัยบุรี,ต่ออายุ,สุราษฎร์ธานี   ,ภาคใต้,ภาครัฐ-ชุมชน ,รพช.(F2),สำนักปลัดกระทรวง กระทรวงสาธารณสุข,Re-acc. ครั้งที่ 2,2568,,,,,,,,,,,,,
11372,โรงพยาบาล,กะเปอร์,ต่ออายุ,ระนอง   ,ภาคใต้,ภาครัฐ-ชุมชน ,รพช.(F2),สำนักปลัดกระทรวง กระทรวงสาธารณสุข,Re-acc. ครั้งที่ 3,2568,,,,,,,,,,,,,
11373,โรงพยาบาล,กระบุรี,ต่ออายุ,ระนอง   ,ภาคใต้,ภาครัฐ-ชุมชน ,รพช.(F2),สำนักปลัดกระทรวง กระทรวงสาธารณสุข,Re-acc. ครั้งที่ 2,2568,,,,,,,,,,,,,
11374,โรงพยาบาล,สุขสำราญ,ต่ออายุ,ระนอง   ,ภาคใต้,ภาครัฐ-ชุมชน ,รพช.(F3),สำนักปลัดกระทรวง กระทรวงสาธารณสุข,Re-acc. ครั้งที่ 3,2568,,,,,,,,,,,,,
11375,โรงพยาบาล,ปากน้ำชุมพร,ต่ออายุ,ชุมพร   ,ภาคใต้,ภาครัฐ-ชุมชน ,รพช.(F3),สำนักปลัดกระทรวง กระทรวงสาธารณสุข,Re-acc. ครั้งที่ 4,2568,,,,,,,,,,,,,
11376,โรงพยาบาล,ท่าแซะ,ต่ออายุ,ชุมพร   ,ภาคใต้,ภาครัฐ-ชุมชน ,รพช.(F1),สำนักปลัดกระทรวง กระทรวงสาธารณสุข,Re-acc. ครั้งที่ 3,2568,,,,,,,,,,,,,
11377,โรงพยาบาล,ปะทิว,ต่ออายุ,ชุมพร   ,ภาคใต้,ภาครัฐ-ชุมชน ,รพช.(F2),สำนักปลัดกระทรวง กระทรวงสาธารณสุข,ขั้น 3 (Accreditation),2568,,,,,,,,,,,,,
11378,โรงพยาบาล,มาบอำมฤต,ต่ออายุ,ชุมพร   ,ภาคใต้,ภาครัฐ-ชุมชน ,รพช.(F2),สำนักปลัดกระทรวง กระทรวงสาธารณสุข,ขั้น 3 (Accreditation),2568,,,,,,,,,,,,,
11379,โรงพยาบาล,หลังสวน,ต่ออายุ,ชุมพร   ,ภาคใต้,ภาครัฐ-ชุมชน ,รพช.(M2),สำนักปลัดกระทรวง กระทรวงสาธารณสุข,Re-acc. ครั้งที่ 1,2568,,,,,,,,,,,,,
11380,โรงพยาบาล,ปากน้ำหลังสวน,ต่ออายุ,ชุมพร   ,ภาคใต้,ภาครัฐ-ชุมชน ,รพช.(F2),สำนักปลัดกระทรวง กระทรวงสาธารณสุข,Re-acc. ครั้งที่ 2,2568,,,,,,,,,,,,,
11381,โรงพยาบาล,ละแม,ต่ออายุ,ชุมพร   ,ภาคใต้,ภาครัฐ-ชุมชน ,รพช.(F2),สำนักปลัดกระทรวง กระทรวงสาธารณสุข,Re-acc. ครั้งที่ 2,2568,,,,,,,,,,,,,
11382,โรงพยาบาล,พะโต๊ะ,ต่ออายุ,ชุมพร   ,ภาคใต้,ภาครัฐ-ชุมชน ,รพช.(F2),สำนักปลัดกระทรวง กระทรวงสาธารณสุข,ขั้น 3 (Accreditation),2568,,,,,,,,,,,,,
11383,โรงพยาบาล,สวี,ต่ออายุ,ชุมพร   ,ภาคใต้,ภาครัฐ-ชุมชน ,รพช.(F1),สำนักปลัดกระทรวง กระทรวงสาธารณสุข,Re-acc. ครั้งที่ 3,2568,,,,,,,,,,,,,
11385,โรงพยาบาล,ทุ่งตะโก,ต่ออายุ,ชุมพร   ,ภาคใต้,ภาครัฐ-ชุมชน ,รพช.(F2),สำนักปลัดกระทรวง กระทรวงสาธารณสุข,Re-acc. ครั้งที่ 2,2568,,,,,,,,,,,,,
11459,โรงพยาบาล,สมเด็จพระยุพราชเวียงสระ,ต่ออายุ,สุราษฎร์ธานี   ,ภาคใต้,ภาครัฐ-ชุมชน ,รพช.(M2),สำนักปลัดกระทรวง กระทรวงสาธารณสุข,Re-acc. ครั้งที่ 4,2568,,,,,,,,,,,,,
11523,โรงพยาบาล,ค่ายวชิราวุธ,ต่ออายุ,นครศรีธรรมราช   ,ภาคใต้,ภาครัฐ-ทั่วไป,รพ.ระดับเทียบเท่า รพท.,กรมแพทย์ทหารบก กระทรวงกลาโหม,Re-acc. ครั้งที่ 2,2568,,,,,,,,,,,,,
11660,โรงพยาบาล,จุฬาภรณ์ นครศรีธรรมราช,ต่ออายุ,นครศรีธรรมราช   ,ภาคใต้,ภาครัฐ-ชุมชน ,รพช.(F2),สำนักปลัดกระทรวง กระทรวงสาธารณสุข,ขั้น 3 (Accreditation),2568,,,,,,,,,,,,,
12185,โรงพยาบาล,มิชชั่นภูเก็ต,ต่ออายุ,ภูเก็ต   ,ภาคใต้,ภาคเอกชน,เอกชนระดับเทียบเท่า รพท.,เอกชน,Re-acc. ครั้งที่ 2,2568,,,,,,,,,,,,,
12188,โรงพยาบาล,ทักษิณ,สมัครใหม่,สุราษฎร์ธานี   ,ภาคใต้,ภาคเอกชน,เอกชนระดับเทียบเท่า รพท.,เอกชน,ขั้น 2,2568,,,,,,,,,,,,,
12204,โรงพยาบาล,วิรัชศิลป์ ,ต่ออายุ,ชุมพร   ,ภาคใต้,ภาคเอกชน,เอกชนระดับเทียบเท่า รพท.,เอกชน,Re-acc. ครั้งที่ 1,2568,,,,,,,,,,,,,
12289,โรงพยาบาล,สวนสราญรมย์,ต่ออายุ,สุราษฎร์ธานี   ,ภาคใต้,ภาครัฐ-Advance (มีการเรียนการสอน) ,สถาบันเฉพาะทาง มีการเรียน-สอนบางสาขา,กรมสุขภาพจิต กระทรวงสาธารณสุข,Re-acc. ครั้งที่ 4,2568,,,,,,,,,,,,,
14138,โรงพยาบาล,ท่าโรงช้าง,ต่ออายุ,สุราษฎร์ธานี   ,ภาคใต้,ภาครัฐ-ชุมชน ,รพช.(M2),สำนักปลัดกระทรวง กระทรวงสาธารณสุข,ขั้น 2,2568,,,,,,,,,,,,,
14203,โรงพยาบาล,มะเร็งสุราษฎร์ธานี,ต่ออายุ,สุราษฎร์ธานี   ,ภาคใต้,ภาครัฐ-ตติยภูมิ ,สถาบันเฉพาะทาง,กรมการแพทย์ กระทรวงสาธารณสุข,Re-acc. ครั้งที่ 2,2568,,,,,,,,,,,,,
14901,โรงพยาบาล,ค่ายวิภาวดีรังสิต,ต่ออายุ,สุราษฎร์ธานี   ,ภาคใต้,ภาครัฐ-ชุมชน ,รพช.(F2),กรมแพทย์ทหารบก กระทรวงกลาโหม,Re-acc. ครั้งที่ 2,2568,,,,,,,,,,,,,
14918,โรงพยาบาล,ค่ายเทพสตรีศรีสุนทร,ต่ออายุ,นครศรีธรรมราช   ,ภาคใต้,ภาครัฐ-ชุมชน ,รพช.(F2),กรมแพทย์ทหารบก กระทรวงกลาโหม,Re-acc. ครั้งที่ 3,2568,,,,,,,,,,,,,
21615,โรงพยาบาล,กรุงเทพสมุย,ต่ออายุ,สุราษฎร์ธานี   ,ภาคใต้,ภาคเอกชน,เอกชนระดับเทียบเท่า รพช.,เอกชน,ยังไม่เคยเข้าสู่กระบวนการรับรอง,2568,,,,,,,,,,,,,
40491,โรงพยาบาล,เฉลิมพระเกียรติ นครศรีธรรมราช,ต่ออายุ,นครศรีธรรมราช   ,ภาคใต้,ภาครัฐ-ชุมชน ,รพช.(F2),สำนักปลัดกระทรวง กระทรวงสาธารณสุข,ยังไม่เคยเข้าสู่กระบวนการรับรอง,2568,,,,,,,,,,,,,
40492,โรงพยาบาล,พ่อท่านคล้ายวาจาสิทธิ์,ต่ออายุ,นครศรีธรรมราช   ,ภาคใต้,ภาครัฐ-ชุมชน ,รพช.(F2),สำนักปลัดกระทรวง กระทรวงสาธารณสุข,ยังไม่เคยเข้าสู่กระบวนการรับรอง,2568,,,,,,,,,,,,,
40742,โรงพยาบาล,นบพิตำ,ต่ออายุ,นครศรีธรรมราช   ,ภาคใต้,ภาครัฐ-ชุมชน ,รพช.(F3),สำนักปลัดกระทรวง กระทรวงสาธารณสุข,ยังไม่เคยเข้าสู่กระบวนการรับรอง,2568,,,,,,,,,,,,,
40743,โรงพยาบาล,พระพรหม,ต่ออายุ,นครศรีธรรมราช   ,ภาคใต้,ภาครัฐ-ชุมชน ,รพช.(F2),สำนักปลัดกระทรวง กระทรวงสาธารณสุข,ยังไม่เคยเข้าสู่กระบวนการรับรอง,2568,,,,,,,,,,,,,
40915,N/A,สถาบันสุขภาพจิตเด็กและวัยรุ่นภาคใต้,ต่ออายุ,สุราษฎร์ธานี   ,ภาคใต้,ภาครัฐ-ตติยภูมิ ,สถาบันเฉพาะทาง,กรมสุขภาพจิต กระทรวงสาธารณสุข,Re-acc. ครั้งที่ 1,2568,,,,,,,,,,,,,
40970,โรงพยาบาล,ศูนย์การแพทย์มหาวิทยาลัยวลัยลักษณ์,ต่ออายุ,นครศรีธรรมราช   ,ภาคใต้,ภาครัฐ-Advance (มีการเรียนการสอน) ,รพ.รร.แพทย์ มีการเรียน-สอนบางสาขา,มหาวิทยาลัย กระทรวงการอุดมศึกษา วิทยาศาสตร์ วิจัยและนวัตกรรม,ยังไม่เคยเข้าสู่กระบวนการรับรอง,2568,,,,,,,,,,,,,
41339,โรงพยาบาล,กรุงเทพสุราษฎร์,ต่ออายุ,สุราษฎร์ธานี   ,ภาคใต้,ภาคเอกชน,เอกชนระดับเทียบเท่า รพช.,เอกชน,Re-acc. ครั้งที่ 1,2568,,,,,,,,,,,,,
41436,โรงพยาบาล,ฉลอง,ต่ออายุ,ภูเก็ต   ,ภาคใต้,ภาครัฐ-ชุมชน ,รพช.(F1),สำนักปลัดกระทรวง กระทรวงสาธารณสุข,ยังไม่เคยเข้าสู่กระบวนการรับรอง,2568,,,,,,,,,,,,,
41714,โรงพยาบาล,ธนบุรี ทุ่งสง,ต่ออายุ,นครศรีธรรมราช   ,ภาคใต้,ภาคเอกชน,เอกชนระดับเทียบเท่า รพท.,เอกชน,ขั้น 2,2568,,,,,,,,,,,,,
42022,โรงพยาบาล,จักษุสุราษฎร์,ต่ออายุ,สุราษฎร์ธานี   ,ภาคใต้,ภาคเอกชน,เอกชนระดับเทียบเท่า รพท.,เอกชน,ยังไม่เคยเข้าสู่กระบวนการรับรอง,2568,,,,,,,,,,,,,
77753,โรงพยาบาล,เกาะพีพี,ต่ออายุ,กระบี่   ,ภาคใต้,ภาครัฐ-ชุมชน ,รพช.(F3),สำนักปลัดกระทรวง กระทรวงสาธารณสุข,Re-acc. ครั้งที่ 1,2568,,,,,,,,,,,,,
10682,โรงพยาบาล,หาดใหญ่,ต่ออายุ,สงขลา   ,ภาคใต้,ภาครัฐ-Advance (มีการเรียนการสอน) ,รพศ.(A) มีการเรียน-สอนครบทุกสาขา,สำนักปลัดกระทรวง กระทรวงสาธารณสุข,Re-acc. ครั้งที่ 6,2568,,,,,,,,,,,,,
10683,โรงพยาบาล,ตรัง,ต่ออายุ,ตรัง   ,ภาคใต้,ภาครัฐ-Advance (มีการเรียนการสอน) ,รพ.รร.แพทย์ มีการเรียน-สอนครบทุกสาขา,สำนักปลัดกระทรวง กระทรวงสาธารณสุข,Re-acc. ครั้งที่ 2,2568,,,,,,,,,,,,,
10684,โรงพยาบาล,ยะลา,ต่ออายุ,ยะลา   ,ภาคใต้,ภาครัฐ-Advance (มีการเรียนการสอน) ,รพศ.(A) มีการเรียน-สอนบางสาขา,สำนักปลัดกระทรวง กระทรวงสาธารณสุข,Re-acc. ครั้งที่ 5,2568,,,,,,,,,,,,,
10745,โรงพยาบาล,สงขลา,ต่ออายุ,สงขลา   ,ภาคใต้,ภาครัฐ-ทั่วไป,รพท.(M1),สำนักปลัดกระทรวง กระทรวงสาธารณสุข,Re-acc. ครั้งที่ 5,2568,,,,,,,,,,,,,
10746,โรงพยาบาล,สตูล,ต่ออายุ,สตูล   ,ภาคใต้,ภาครัฐ-ทั่วไป,รพท.(S),สำนักปลัดกระทรวง กระทรวงสาธารณสุข,Re-acc. ครั้งที่ 4,2568,,,,,,,,,,,,,
10747,โรงพยาบาล,พัทลุง,ต่ออายุ,พัทลุง   ,ภาคใต้,ภาครัฐ-ทั่วไป,รพท.(S),สำนักปลัดกระทรวง กระทรวงสาธารณสุข,Re-acc. ครั้งที่ 2,2568,,,,,,,,,,,,,
10748,โรงพยาบาล,ปัตตานี,ต่ออายุ,ปัตตานี   ,ภาคใต้,ภาครัฐ-ทั่วไป,รพท.(S),สำนักปลัดกระทรวง กระทรวงสาธารณสุข,Re-acc. ครั้งที่ 3,2568,,,,,,,,,,,,,
10749,โรงพยาบาล,เบตง,ต่ออายุ,ยะลา   ,ภาคใต้,ภาครัฐ-ทั่วไป,รพท.(M1),สำนักปลัดกระทรวง กระทรวงสาธารณสุข,Re-acc. ครั้งที่ 4,2568,,,,,,,,,,,,,
10750,โรงพยาบาล,นราธิวาสราชนครินทร์,ต่ออายุ,นราธิวาส   ,ภาคใต้,ภาครัฐ-ทั่วไป,รพท.(S),สำนักปลัดกระทรวง กระทรวงสาธารณสุข,Re-acc. ครั้งที่ 4,2568,,,,,,,,,,,,,
10751,โรงพยาบาล,สุไหงโก-ลก,ต่ออายุ,นราธิวาส   ,ภาคใต้,ภาครัฐ-ทั่วไป,รพท.(M1),สำนักปลัดกระทรวง กระทรวงสาธารณสุข,Re-acc. ครั้งที่ 6,2568,,,,,,,,,,,,,
11387,โรงพยาบาล,จะนะ,ต่ออายุ,สงขลา   ,ภาคใต้,ภาครัฐ-ชุมชน ,รพช.(F1),สำนักปลัดกระทรวง กระทรวงสาธารณสุข,ขั้น 3 (Accreditation),2568,,,,,,,,,,,,,
11391,โรงพยาบาล,สะบ้าย้อย,ต่ออายุ,สงขลา   ,ภาคใต้,ภาครัฐ-ชุมชน ,รพช.(F2),สำนักปลัดกระทรวง กระทรวงสาธารณสุข,Re-acc. ครั้งที่ 2,2568,,,,,,,,,,,,,
11393,โรงพยาบาล,กระแสสินธุ์,ต่ออายุ,สงขลา   ,ภาคใต้,ภาครัฐ-ชุมชน ,รพช.(F2),สำนักปลัดกระทรวง กระทรวงสาธารณสุข,Re-acc. ครั้งที่ 2,2568,,,,,,,,,,,,,
11394,โรงพยาบาล,รัตภูมิ,ต่ออายุ,สงขลา   ,ภาคใต้,ภาครัฐ-ชุมชน ,รพช.(F2),สำนักปลัดกระทรวง กระทรวงสาธารณสุข,Re-acc. ครั้งที่ 4,2568,,,,,,,,,,,,,
11395,โรงพยาบาล,สะเดา,ต่ออายุ,สงขลา   ,ภาคใต้,ภาครัฐ-ชุมชน ,รพช.(F1),สำนักปลัดกระทรวง กระทรวงสาธารณสุข,Re-acc. ครั้งที่ 3,2568,,,,,,,,,,,,,
11396,โรงพยาบาล,นาหม่อม,ต่ออายุ,สงขลา   ,ภาคใต้,ภาครัฐ-ชุมชน ,รพช.(F2),สำนักปลัดกระทรวง กระทรวงสาธารณสุข,Re-acc. ครั้งที่ 2,2568,,,,,,,,,,,,,
11397,โรงพยาบาล,ควนเนียง,ต่ออายุ,สงขลา   ,ภาคใต้,ภาครัฐ-ชุมชน ,รพช.(F2),สำนักปลัดกระทรวง กระทรวงสาธารณสุข,Re-acc. ครั้งที่ 3,2568,,,,,,,,,,,,,
11398,โรงพยาบาล,ปาดังเบซาร์,ต่ออายุ,สงขลา   ,ภาคใต้,ภาครัฐ-ชุมชน ,รพช.(F2),สำนักปลัดกระทรวง กระทรวงสาธารณสุข,Re-acc. ครั้งที่ 4,2568,,,,,,,,,,,,,
11399,โรงพยาบาล,บางกล่ำ,ต่ออายุ,สงขลา   ,ภาคใต้,ภาครัฐ-ชุมชน ,รพช.(F2),สำนักปลัดกระทรวง กระทรวงสาธารณสุข,Re-acc. ครั้งที่ 4,2568,,,,,,,,,,,,,
11401,โรงพยาบาล,คลองหอยโข่ง (ยุวสมาคมแห่งประเทศไทย),ต่ออายุ,สงขลา   ,ภาคใต้,ภาครัฐ-ชุมชน ,รพช.(F2),สำนักปลัดกระทรวง กระทรวงสาธารณสุข,Re-acc. ครั้งที่ 2,2568,,,,,,,,,,,,,
11402,โรงพยาบาล,ควนโดน,ต่ออายุ,สตูล   ,ภาคใต้,ภาครัฐ-ชุมชน ,รพช.(F2),สำนักปลัดกระทรวง กระทรวงสาธารณสุข,Re-acc. ครั้งที่ 3,2568,,,,,,,,,,,,,
11403,โรงพยาบาล,ควนกาหลง,ต่ออายุ,สตูล   ,ภาคใต้,ภาครัฐ-ชุมชน ,รพช.(F2),สำนักปลัดกระทรวง กระทรวงสาธารณสุข,Re-acc. ครั้งที่ 3,2568,,,,,,,,,,,,,
11404,โรงพยาบาล,ท่าแพ,ต่ออายุ,สตูล   ,ภาคใต้,ภาครัฐ-ชุมชน ,รพช.(F2),สำนักปลัดกระทรวง กระทรวงสาธารณสุข,Re-acc. ครั้งที่ 2,2568,,,,,,,,,,,,,
11405,โรงพยาบาล,ละงู,ต่ออายุ,สตูล   ,ภาคใต้,ภาครัฐ-ชุมชน ,รพช.(M2),สำนักปลัดกระทรวง กระทรวงสาธารณสุข,Re-acc. ครั้งที่ 5,2568,,,,,,,,,,,,,
11406,โรงพยาบาล,ทุ่งหว้า,ต่ออายุ,สตูล   ,ภาคใต้,ภาครัฐ-ชุมชน ,รพช.(F2),สำนักปลัดกระทรวง กระทรวงสาธารณสุข,Re-acc. ครั้งที่ 4,2568,,,,,,,,,,,,,
11407,โรงพยาบาล,กันตัง,ต่ออายุ,ตรัง   ,ภาคใต้,ภาครัฐ-ชุมชน ,รพช.(F1),สำนักปลัดกระทรวง กระทรวงสาธารณสุข,Re-acc. ครั้งที่ 3,2568,,,,,,,,,,,,,
11408,โรงพยาบาล,ย่านตาขาว,ต่ออายุ,ตรัง   ,ภาคใต้,ภาครัฐ-ชุมชน ,รพช.(F1),สำนักปลัดกระทรวง กระทรวงสาธารณสุข,Re-acc. ครั้งที่ 3,2568,,,,,,,,,,,,,
11411,โรงพยาบาล,ห้วยยอด,สมัครใหม่,ตรัง   ,ภาคใต้,ภาครัฐ-ชุมชน ,รพช.(M2),สำนักปลัดกระทรวง กระทรวงสาธารณสุข,Re-acc. ครั้งที่ 3,2568,,,,,,,,,,,,,
11413,โรงพยาบาล,นาโยง,ต่ออายุ,ตรัง   ,ภาคใต้,ภาครัฐ-ชุมชน ,รพช.(F2),สำนักปลัดกระทรวง กระทรวงสาธารณสุข,Re-acc. ครั้งที่ 3,2568,,,,,,,,,,,,,
11415,โรงพยาบาล,เขาชัยสน,ต่ออายุ,พัทลุง   ,ภาคใต้,ภาครัฐ-ชุมชน ,รพช.(F2),สำนักปลัดกระทรวง กระทรวงสาธารณสุข,Re-acc. ครั้งที่ 3,2568,,,,,,,,,,,,,
11417,โรงพยาบาล,ควนขนุน,ต่ออายุ,พัทลุง   ,ภาคใต้,ภาครัฐ-ชุมชน ,รพช.(M2),สำนักปลัดกระทรวง กระทรวงสาธารณสุข,Re-acc. ครั้งที่ 3,2568,,,,,,,,,,,,,
11418,โรงพยาบาล,ปากพะยูน,ต่ออายุ,พัทลุง   ,ภาคใต้,ภาครัฐ-ชุมชน ,รพช.(F2),สำนักปลัดกระทรวง กระทรวงสาธารณสุข,Re-acc. ครั้งที่ 3,2568,,,,,,,,,,,,,
11420,โรงพยาบาล,ป่าบอน,สมัครใหม่,พัทลุง   ,ภาคใต้,ภาครัฐ-ชุมชน ,รพช.(F2),สำนักปลัดกระทรวง กระทรวงสาธารณสุข,ขั้น 3 (Accreditation),2568,,,,,,,,,,,,,
11422,โรงพยาบาล,ป่าพะยอม,ต่ออายุ,พัทลุง   ,ภาคใต้,ภาครัฐ-ชุมชน ,รพช.(F2),สำนักปลัดกระทรวง กระทรวงสาธารณสุข,Re-acc. ครั้งที่ 3,2568,,,,,,,,,,,,,
11423,โรงพยาบาล,โคกโพธิ์,ต่ออายุ,ปัตตานี   ,ภาคใต้,ภาครัฐ-ชุมชน ,รพช.(F1),สำนักปลัดกระทรวง กระทรวงสาธารณสุข,Re-acc. ครั้งที่ 3,2568,,,,,,,,,,,,,
11424,โรงพยาบาล,หนองจิก,ต่ออายุ,ปัตตานี   ,ภาคใต้,ภาครัฐ-ชุมชน ,รพช.(F2),สำนักปลัดกระทรวง กระทรวงสาธารณสุข,Re-acc. ครั้งที่ 5,2568,,,,,,,,,,,,,
11425,โรงพยาบาล,ปะนาเระ,ต่ออายุ,ปัตตานี   ,ภาคใต้,ภาครัฐ-ชุมชน ,รพช.(F2),สำนักปลัดกระทรวง กระทรวงสาธารณสุข,Re-acc. ครั้งที่ 2,2568,,,,,,,,,,,,,
11426,โรงพยาบาล,มายอ,ต่ออายุ,ปัตตานี   ,ภาคใต้,ภาครัฐ-ชุมชน ,รพช.(F2),สำนักปลัดกระทรวง กระทรวงสาธารณสุข,Re-acc. ครั้งที่ 4,2568,,,,,,,,,,,,,
11427,โรงพยาบาล,ทุ่งยางแดง,ต่ออายุ,ปัตตานี   ,ภาคใต้,ภาครัฐ-ชุมชน ,รพช.(F2),สำนักปลัดกระทรวง กระทรวงสาธารณสุข,Re-acc. ครั้งที่ 4,2568,,,,,,,,,,,,,
11428,โรงพยาบาล,ไม้แก่น,ต่ออายุ,ปัตตานี   ,ภาคใต้,ภาครัฐ-ชุมชน ,รพช.(F2),สำนักปลัดกระทรวง กระทรวงสาธารณสุข,Re-acc. ครั้งที่ 3,2568,,,,,,,,,,,,,
11429,โรงพยาบาล,ยะหริ่ง,ต่ออายุ,ปัตตานี   ,ภาคใต้,ภาครัฐ-ชุมชน ,รพช.(F2),สำนักปลัดกระทรวง กระทรวงสาธารณสุข,Re-acc. ครั้งที่ 3,2568,,,,,,,,,,,,,
11430,โรงพยาบาล,ยะรัง,ต่ออายุ,ปัตตานี   ,ภาคใต้,ภาครัฐ-ชุมชน ,รพช.(F2),สำนักปลัดกระทรวง กระทรวงสาธารณสุข,Re-acc. ครั้งที่ 2,2568,,,,,,,,,,,,,
11431,โรงพยาบาล,แม่ลาน,ต่ออายุ,ปัตตานี   ,ภาคใต้,ภาครัฐ-ชุมชน ,รพช.(F2),สำนักปลัดกระทรวง กระทรวงสาธารณสุข,Re-acc. ครั้งที่ 4,2568,,,,,,,,,,,,,
11432,โรงพยาบาล,บันนังสตา,ต่ออายุ,ยะลา   ,ภาคใต้,ภาครัฐ-ชุมชน ,รพช.(F2),สำนักปลัดกระทรวง กระทรวงสาธารณสุข,Re-acc. ครั้งที่ 3,2568,,,,,,,,,,,,,
11433,โรงพยาบาล,ธารโต,ต่ออายุ,ยะลา   ,ภาคใต้,ภาครัฐ-ชุมชน ,รพช.(F2),สำนักปลัดกระทรวง กระทรวงสาธารณสุข,Re-acc. ครั้งที่ 3,2568,,,,,,,,,,,,,
11434,โรงพยาบาล,รามัน,ต่ออายุ,ยะลา   ,ภาคใต้,ภาครัฐ-ชุมชน ,รพช.(F1),สำนักปลัดกระทรวง กระทรวงสาธารณสุข,Re-acc. ครั้งที่ 5,2568,,,,,,,,,,,,,
11435,โรงพยาบาล,ตากใบ,ต่ออายุ,นราธิวาส   ,ภาคใต้,ภาครัฐ-ชุมชน ,รพช.(F1),สำนักปลัดกระทรวง กระทรวงสาธารณสุข,Re-acc. ครั้งที่ 4,2568,,,,,,,,,,,,,
11436,โรงพยาบาล,บาเจาะ,ต่ออายุ,นราธิวาส   ,ภาคใต้,ภาครัฐ-ชุมชน ,รพช.(F2),สำนักปลัดกระทรวง กระทรวงสาธารณสุข,Re-acc. ครั้งที่ 3,2568,,,,,,,,,,,,,
11437,โรงพยาบาล,ระแงะ,ต่ออายุ,นราธิวาส   ,ภาคใต้,ภาครัฐ-ชุมชน ,รพช.(M2),สำนักปลัดกระทรวง กระทรวงสาธารณสุข,Re-acc. ครั้งที่ 4,2568,,,,,,,,,,,,,
11439,โรงพยาบาล,ศรีสาคร,ต่ออายุ,นราธิวาส   ,ภาคใต้,ภาครัฐ-ชุมชน ,รพช.(F2),สำนักปลัดกระทรวง กระทรวงสาธารณสุข,Re-acc. ครั้งที่ 3,2568,,,,,,,,,,,,,
11441,โรงพยาบาล,สุคิริน,ต่ออายุ,นราธิวาส   ,ภาคใต้,ภาครัฐ-ชุมชน ,รพช.(F2),สำนักปลัดกระทรวง กระทรวงสาธารณสุข,Re-acc. ครั้งที่ 3,2568,,,,,,,,,,,,,
11460,โรงพยาบาล,สมเด็จพระยุพราชสายบุรี,ต่ออายุ,ปัตตานี   ,ภาคใต้,ภาครัฐ-ชุมชน ,รพช.(M2),สำนักปลัดกระทรวง กระทรวงสาธารณสุข,Re-acc. ครั้งที่ 3,2568,,,,,,,,,,,,,
11461,โรงพยาบาล,สมเด็จพระยุพราชยะหา,ต่ออายุ,ยะลา   ,ภาคใต้,ภาครัฐ-ชุมชน ,รพช.(F1),สำนักปลัดกระทรวง กระทรวงสาธารณสุข,Re-acc. ครั้งที่ 3,2568,,,,,,,,,,,,,
11464,โรงพยาบาล,กะพ้อ,ต่ออายุ,ปัตตานี   ,ภาคใต้,ภาครัฐ-ตติยภูมิ ,สถาบันเฉพาะทาง,สำนักปลัดกระทรวง กระทรวงสาธารณสุข,Re-acc. ครั้งที่ 5,2568,,,,,,,,,,,,,
11527,โรงพยาบาล,ค่ายเสนาณรงค์,ต่ออายุ,สงขลา   ,ภาคใต้,ภาครัฐ-ชุมชน ,รพช.(F2),กรมแพทย์ทหารบก กระทรวงกลาโหม,Re-acc. ครั้งที่ 1,2568,,,,,,,,,,,,,
11529,โรงพยาบาล,ค่ายอิงคยุทธบริหาร,ต่ออายุ,ปัตตานี   ,ภาคใต้,ภาครัฐ-ชุมชน ,รพช.(F1),กรมแพทย์ทหารบก กระทรวงกลาโหม,Re-acc. ครั้งที่ 1,2568,,,,,,,,,,,,,
12212,โรงพยาบาล,มิตรภาพสามัคคี (มูลนิธิท่งเซียเซี่ยงตึ๊ง),ต่ออายุ,สงขลา   ,ภาคใต้,ภาคเอกชน,เอกชนระดับเทียบเท่า รพช.,เอกชน,ขั้น 2,2568,,,,,,,,,,,,,
12221,โรงพยาบาล,ศิครินทร์ หาดใหญ่,ต่ออายุ,สงขลา   ,ภาคใต้,ภาคเอกชน,เอกชนระดับเทียบเท่า รพท.,เอกชน,Re-acc. ครั้งที่ 4,2568,,,,,,,,,,,,,
12222,โรงพยาบาล,ธนบุรี ราษฎร์ยินดี,ต่ออายุ,สงขลา   ,ภาคใต้,ภาคเอกชน,เอกชนระดับเทียบเท่า รพท.,เอกชน,Re-acc. ครั้งที่ 6,2568,,,,,,,,,,,,,
12223,โรงพยาบาล,กรุงเทพหาดใหญ่,ต่ออายุ,สงขลา   ,ภาคใต้,ภาคเอกชน,เอกชนระดับเทียบเท่า รพท.,เอกชน,Re-acc. ครั้งที่ 4,2568,,,,,,,,,,,,,
12226,โรงพยาบาล,วัฒนแพทย์ตรัง,ต่ออายุ,ตรัง   ,ภาคใต้,ภาคเอกชน,เอกชนระดับเทียบเท่า รพท.,เอกชน,Re-acc. ครั้งที่ 2,2568,,,,,,,,,,,,,
12230,โรงพยาบาล,ธนบุรี ตรัง,ต่ออายุ,ตรัง   ,ภาคใต้,ภาคเอกชน,เอกชนระดับเทียบเท่า รพท.,เอกชน,Re-acc. ครั้งที่ 1,2568,,,,,,,,,,,,,
12290,โรงพยาบาล,จิตเวชสงขลาราชนครินทร์,สมัครใหม่,สงขลา   ,ภาคใต้,ภาครัฐ-ตติยภูมิ ,สถาบันเฉพาะทาง,กรมสุขภาพจิต กระทรวงสาธารณสุข,Re-acc. ครั้งที่ 4,2568,,,,,,,,,,,,,
13753,โรงพยาบาล,ทันตกรรม คณะทันตแพทยศาสตร์ มหาวิทยาลัยสงขลานครินทร์,ต่ออายุ,สงขลา   ,ภาคใต้,ภาครัฐ-Advance (มีการเรียนการสอน) ,รพ.รร.แพทย์ มีการเรียน-สอนครบทุกสาขา,มหาวิทยาลัย กระทรวงการอุดมศึกษา วิทยาศาสตร์ วิจัยและนวัตกรรม,ขั้น 2,2568,,,,,,,,,,,,,
13755,โรงพยาบาล,โรคผิวหนังเขตร้อนภาคใต้ จังหวัดตรัง,ต่ออายุ,ตรัง   ,ภาคใต้,ภาครัฐ-ตติยภูมิ ,สถาบันเฉพาะทาง,กรมการแพทย์ กระทรวงสาธารณสุข,Re-acc. ครั้งที่ 2,2568,,,,,,,,,,,,,
13779,โรงพยาบาล,สงขลานครินทร์ มหาวิทยาลัยสงขลานครินทร์,ต่ออายุ,สงขลา   ,ภาคใต้,ภาครัฐ-Advance (มีการเรียนการสอน) ,รพ.รร.แพทย์ มีการเรียน-สอนครบทุกสาขา,มหาวิทยาลัย กระทรวงการอุดมศึกษา วิทยาศาสตร์ วิจัยและนวัตกรรม,Advanced HA,2568,,,,,,,,,,,,,
13806,โรงพยาบาล,กาบัง,สมัครใหม่,ยะลา   ,ภาคใต้,ภาครัฐ-ชุมชน ,รพช.(F2),สำนักปลัดกระทรวง กระทรวงสาธารณสุข,Re-acc. ครั้งที่ 1,2568,,,,,,,,,,,,,
13818,โรงพยาบาล,จะแนะ,ต่ออายุ,นราธิวาส   ,ภาคใต้,ภาครัฐ-ชุมชน ,รพช.(F2),สำนักปลัดกระทรวง กระทรวงสาธารณสุข,Re-acc. ครั้งที่ 4,2568,,,,,,,,,,,,,
14139,โรงพยาบาล,รัษฎา,ต่ออายุ,ตรัง   ,ภาคใต้,ภาครัฐ-ชุมชน ,รพช.(F2),สำนักปลัดกระทรวง กระทรวงสาธารณสุข,Re-acc. ครั้งที่ 3,2568,,,,,,,,,,,,,
14194,โรงพยาบาล,ธัญญารักษ์สงขลา,ต่ออายุ,สงขลา   ,ภาคใต้,ภาครัฐ-ตติยภูมิ ,สถาบันเฉพาะทาง,กรมการแพทย์ กระทรวงสาธารณสุข,Re-acc. ครั้งที่ 3,2568,,,,,,,,,,,,,
14195,โรงพยาบาล,ธัญญารักษ์ปัตตานี,ต่ออายุ,ปัตตานี   ,ภาคใต้,ภาครัฐ-ตติยภูมิ ,สถาบันเฉพาะทาง,กรมการแพทย์ กระทรวงสาธารณสุข,Re-acc. ครั้งที่ 3,2568,,,,,,,,,,,,,
15010,โรงพยาบาล,เจาะไอร้อง,ต่ออายุ,นราธิวาส   ,ภาคใต้,ภาครัฐ-ชุมชน ,รพช.(F2),สำนักปลัดกระทรวง กระทรวงสาธารณสุข,Re-acc. ครั้งที่ 2,2568,,,,,,,,,,,,,
23771,โรงพยาบาล,ยี่งอเฉลิมพระเกียรติ ๘๐ พรรษา,ต่ออายุ,นราธิวาส   ,ภาคใต้,ภาครัฐ-ชุมชน ,รพช.(F2),สำนักปลัดกระทรวง กระทรวงสาธารณสุข,Re-acc. ครั้งที่ 2,2568,,,,,,,,,,,,,
24689,โรงพยาบาล,กรงปินัง,ต่ออายุ,ยะลา   ,ภาคใต้,ภาครัฐ-ชุมชน ,รพช.(F2),สำนักปลัดกระทรวง กระทรวงสาธารณสุข,Re-acc. ครั้งที่ 1,2568,,,,,,,,,,,,,
28786,โรงพยาบาล,มะนัง,ต่ออายุ,สตูล   ,ภาคใต้,ภาครัฐ-ชุมชน ,รพช.(F2),สำนักปลัดกระทรวง กระทรวงสาธารณสุข,ขั้น 3 (Accreditation),2568,,,,,,,,,,,,,
40497,โรงพยาบาล,กัลยาณิวัฒนาการุณย์,ต่ออายุ,นราธิวาส   ,ภาคใต้,ภาครัฐ-ทั่วไป,รพ.ระดับเทียบเท่า รพท.,กระทรวงศึกษาธิการ,ขั้น 2,2568,,,,,,,,,,,,,
11468,N/A,ทัณฑสถานโรงพยาบาลราชทัณฑ์,ต่ออายุ,กรุงเทพมหานคร   ,กรุงเทพมหานคร,ภาครัฐ-ชุมชน ,รพช.(M2),กระทรวงยุติธรรม,ขั้น 1,2568,,,,,,,,,,,,,
11469,โรงพยาบาล,เลิดสิน,ต่ออายุ,กรุงเทพมหานคร   ,กรุงเทพมหานคร,ภาครัฐ-ตติยภูมิ ,รพ.ระดับเทียบเท่า รพศ.,กรมการแพทย์ กระทรวงสาธารณสุข,Re-acc. ครั้งที่ 5,2568,,,,,,,,,,,,,
11470,โรงพยาบาล,นพรัตนราชธานี,ต่ออายุ,กรุงเทพมหานคร   ,กรุงเทพมหานคร,ภาครัฐ-ตติยภูมิ ,รพ.ระดับเทียบเท่า รพศ.,กรมการแพทย์ กระทรวงสาธารณสุข,Re-acc. ครั้งที่ 3,2568,,,,,,,,,,,,,
11471,โรงพยาบาล,สงฆ์,ต่ออายุ,กรุงเทพมหานคร   ,กรุงเทพมหานคร,ภาครัฐ-ตติยภูมิ ,สถาบันเฉพาะทาง,กรมการแพทย์ กระทรวงสาธารณสุข,Re-acc. ครั้งที่ 4,2568,,,,,,,,,,,,,
11472,โรงพยาบาล,ราชวิถี,สมัครใหม่,กรุงเทพมหานคร   ,กรุงเทพมหานคร,ภาครัฐ-ตติยภูมิ ,รพศ.(A),กรมการแพทย์ กระทรวงสาธารณสุข,Re-acc. ครั้งที่ 5,2568,,,,,,,,,,,,,
11477,โรงพยาบาล,ทหารผ่านศึก,สมัครใหม่,กรุงเทพมหานคร   ,กรุงเทพมหานคร,ภาครัฐ-ทั่วไป,รพท.(M1),กรมแพทย์ทหารบก กระทรวงกลาโหม,Re-acc. ครั้งที่ 2,2568,,,,,,,,,,,,,
11478,โรงพยาบาล,สมเด็จพระปิ่นเกล้า,ต่ออายุ,กรุงเทพมหานคร   ,กรุงเทพมหานคร,ภาครัฐ-ตติยภูมิ ,สถาบันเฉพาะทาง,กรมแพทย์ทหารเรือ กระทรวงกลาโหม,Re-acc. ครั้งที่ 5,2568,,,,,,,,,,,,,
11481,โรงพยาบาล,พระมงกุฎเกล้า,ต่ออายุ,กรุงเทพมหานคร   ,กรุงเทพมหานคร,ภาครัฐ-Advance (มีการเรียนการสอน) ,รพ.รร.แพทย์ มีการเรียน-สอนครบทุกสาขา,กรมแพทย์ทหารบก กระทรวงกลาโหม,Re-acc. ครั้งที่ 5,2568,,,,,,,,,,,,,
11535,N/A,คณะแพทยศาสตร์วชิรพยาบาล มหาวิทยาลัยนวมินทราธิราช,ต่ออายุ,กรุงเทพมหานคร   ,กรุงเทพมหานคร,ภาครัฐ-Advance (มีการเรียนการสอน) ,รพ.รร.แพทย์ มีการเรียน-สอนครบทุกสาขา,มหาวิทยาลัย กระทรวงการอุดมศึกษา วิทยาศาสตร์ วิจัยและนวัตกรรม,Re-Advanced HA ครั้งที่ 1,2568,,,,,,,,,,,,,
11536,โรงพยาบาล,เวชการุณย์รัศมิ์,ต่ออายุ,กรุงเทพมหานคร   ,กรุงเทพมหานคร,ภาครัฐ-ทั่วไป,รพท.(M1),กรุงเทพมหานคร,Re-acc. ครั้งที่ 2,2568,,,,,,,,,,,,,
11537,โรงพยาบาล,กลาง,ต่ออายุ,กรุงเทพมหานคร   ,กรุงเทพมหานคร,ภาครัฐ-ตติยภูมิ ,รพ.ระดับเทียบเท่า รพศ.,กรุงเทพมหานคร,Re-acc. ครั้งที่ 5,2568,,,,,,,,,,,,,
11538,โรงพยาบาล,นคราภิบาล,ต่ออายุ,กรุงเทพมหานคร   ,กรุงเทพมหานคร,ภาครัฐ-ทั่วไป,รพท.(M1),กรุงเทพมหานคร,Re-acc. ครั้งที่ 3,2568,,,,,,,,,,,,,
11539,โรงพยาบาล,ตากสิน,ต่ออายุ,กรุงเทพมหานคร   ,กรุงเทพมหานคร,ภาครัฐ-Advance (มีการเรียนการสอน) ,รพ.ระดับตติยภูมิหรือเทียบเท่า มีการเรียน-สอนบางสาขา,กรุงเทพมหานคร,Re-acc. ครั้งที่ 5,2568,,,,,,,,,,,,,
11540,โรงพยาบาล,หลวงพ่อทวีศักดิ์ ชุตินฺธโร อุทิศ,ต่ออายุ,กรุงเทพมหานคร   ,กรุงเทพมหานคร,ภาครัฐ-ทั่วไป,รพท.(M1),กรุงเทพมหานคร,Re-acc. ครั้งที่ 3,2568,,,,,,,,,,,,,
11541,โรงพยาบาล,เจริญกรุงประชารักษ์,ต่ออายุ,กรุงเทพมหานคร   ,กรุงเทพมหานคร,ภาครัฐ-Advance (มีการเรียนการสอน) ,รพ.ระดับตติยภูมิหรือเทียบเท่า มีการเรียน-สอนบางสาขา,กรุงเทพมหานคร,Re-acc. ครั้งที่ 5,2568,,,,,,,,,,,,,
11543,โรงพยาบาล,มิชชั่น ,ต่ออายุ,กรุงเทพมหานคร   ,กรุงเทพมหานคร,ภาคเอกชน,เอกชนระดับเทียบเท่า รพท.,เอกชน,Re-acc. ครั้งที่ 6,2568,,,,,,,,,,,,,
11548,โรงพยาบาล,กรุงเทพคริสเตียน,ต่ออายุ,กรุงเทพมหานคร   ,กรุงเทพมหานคร,ภาคเอกชน,เอกชนระดับเทียบเท่า รพศ.,เอกชน,Re-acc. ครั้งที่ 3,2568,,,,,,,,,,,,,
11558,โรงพยาบาล,ซีจีเอช,ต่ออายุ,กรุงเทพมหานคร   ,กรุงเทพมหานคร,ภาคเอกชน,เอกชนระดับเทียบเท่า รพท.,เอกชน,Re-acc. ครั้งที่ 3,2568,,,,,,,,,,,,,
11597,N/A,สถาบันกัลยาณ์ราชนครินทร์,ต่ออายุ,กรุงเทพมหานคร   ,กรุงเทพมหานคร,ภาครัฐ-ตติยภูมิ ,สถาบันเฉพาะทาง,กรมสุขภาพจิต กระทรวงสาธารณสุข,Re-acc. ครั้งที่ 5,2568,,,,,,,,,,,,,
11600,โรงพยาบาล,เซนต์หลุยส์,ต่ออายุ,กรุงเทพมหานคร   ,กรุงเทพมหานคร,ภาคเอกชน,เอกชนระดับเทียบเท่า รพศ.,เอกชน,Advanced HA,2568,,,,,,,,,,,,,
11621,โรงพยาบาล,บางไผ่,ต่ออายุ,กรุงเทพมหานคร   ,กรุงเทพมหานคร,ภาคเอกชน,เอกชนระดับเทียบเท่า รพท.,เอกชน,ขั้น 2,2568,,,,,,,,,,,,,
11629,โรงพยาบาล,เพชรเวช,ต่ออายุ,กรุงเทพมหานคร   ,กรุงเทพมหานคร,ภาคเอกชน,เอกชนระดับเทียบเท่า รพท.,เอกชน,Re-acc. ครั้งที่ 4,2568,,,,,,,,,,,,,
11640,โรงพยาบาล,ธนบุรี ทวีวัฒนา,ต่ออายุ,กรุงเทพมหานคร   ,กรุงเทพมหานคร,ภาคเอกชน,เอกชนระดับเทียบเท่า รพท.,เอกชน,Re-acc. ครั้งที่ 3,2568,,,,,,,,,,,,,
11644,โรงพยาบาล,เจ้าพระยา,ต่ออายุ,กรุงเทพมหานคร   ,กรุงเทพมหานคร,ภาคเอกชน,เอกชนระดับเทียบเท่า รพศ.,เอกชน,Re-acc. ครั้งที่ 3,2568,,,,,,,,,,,,,
11645,โรงพยาบาล,ธนบุรี,ต่ออายุ,กรุงเทพมหานคร   ,กรุงเทพมหานคร,ภาคเอกชน,เอกชนระดับเทียบเท่า รพศ.,เอกชน,Re-acc. ครั้งที่ 3,2568,,,,,,,,,,,,,
11647,โรงพยาบาล,พีเอ็มจี,ต่ออายุ,กรุงเทพมหานคร   ,กรุงเทพมหานคร,ภาคเอกชน,เอกชนระดับเทียบเท่า รพช.,เอกชน,ขั้น 2,2568,,,,,,,,,,,,,
11648,โรงพยาบาล,นครธน,ต่ออายุ,กรุงเทพมหานคร   ,กรุงเทพมหานคร,ภาคเอกชน,เอกชนระดับเทียบเท่า รพศ.,เอกชน,Re-acc. ครั้งที่ 4,2568,,,,,,,,,,,,,
11656,โรงพยาบาล,เกษมราษฎร์ บางแค,ต่ออายุ,กรุงเทพมหานคร   ,กรุงเทพมหานคร,ภาคเอกชน,เอกชนระดับเทียบเท่า รพท.,เอกชน,ขั้น 3 (Accreditation),2568,,,,,,,,,,,,,
11661,โรงพยาบาล,วิชัยเวช อินเตอร์เนชั่นแนล หนองแขม,สมัครใหม่,กรุงเทพมหานคร   ,กรุงเทพมหานคร,ภาคเอกชน,เอกชนระดับเทียบเท่า รพท.,เอกชน,Re-acc. ครั้งที่ 3,2568,,,,,,,,,,,,,
11670,โรงพยาบาล,บางปะกอก 1,ต่ออายุ,กรุงเทพมหานคร   ,กรุงเทพมหานคร,ภาคเอกชน,เอกชนระดับเทียบเท่า รพท.,เอกชน,Re-acc. ครั้งที่ 1,2568,,,,,,,,,,,,,
11687,โรงพยาบาล,เกษมราษฎร์ ประชาชื่น,ต่ออายุ,กรุงเทพมหานคร   ,กรุงเทพมหานคร,ภาครัฐ-Advance (มีการเรียนการสอน) ,รพ.ระดับตติยภูมิหรือเทียบเท่า มีการเรียน-สอนบางสาขา,เอกชน,Re-acc. ครั้งที่ 5,2568,,,,,,,,,,,,,
11691,โรงพยาบาล,วิภาวดี กทม.,ต่ออายุ,กรุงเทพมหานคร   ,กรุงเทพมหานคร,ภาคเอกชน,เอกชนระดับเทียบเท่า รพท.,เอกชน,Re-acc. ครั้งที่ 3,2568,,,,,,,,,,,,,
11697,โรงพยาบาล,คามิลเลียน,สมัครใหม่,กรุงเทพมหานคร   ,กรุงเทพมหานคร,ภาคเอกชน,เอกชนระดับเทียบเท่า รพท.,เอกชน,Re-acc. ครั้งที่ 4,2568,,,,,,,,,,,,,
11720,โรงพยาบาล,เทพธารินทร์,ต่ออายุ,กรุงเทพมหานคร   ,กรุงเทพมหานคร,ภาคเอกชน,เอกชนระดับเทียบเท่า รพศ.,เอกชน,Re-acc. ครั้งที่ 3,2568,,,,,,,,,,,,,
11750,โรงพยาบาล,หัวเฉียว,ต่ออายุ,กรุงเทพมหานคร,กรุงเทพมหานคร,ภาคเอกชน,ภาคเอกชน,,Re-acc. ครั้งที่ 5,2568,,,,,,,,,,,,,
12244,N/A,สถาบันจิตเวชศาสตร์สมเด็จเจ้าพระยา,ต่ออายุ,กรุงเทพมหานคร   ,กรุงเทพมหานคร,ภาครัฐ-ตติยภูมิ ,สถาบันเฉพาะทาง,กรมสุขภาพจิต กระทรวงสาธารณสุข,Re-acc. ครั้งที่ 5,2568,,,,,,,,,,,,,
12246,N/A,สถาบันราชานุกูล,ต่ออายุ,กรุงเทพมหานคร   ,กรุงเทพมหานคร,ภาครัฐ-ตติยภูมิ ,สถาบันเฉพาะทาง,กรมสุขภาพจิต กระทรวงสาธารณสุข,Re-acc. ครั้งที่ 4,2568,,,,,,,,,,,,,
12249,N/A,สถาบันโรคผิวหนัง,ต่ออายุ,กรุงเทพมหานคร   ,กรุงเทพมหานคร,ภาครัฐ-Advance (มีการเรียนการสอน) ,สถาบันเฉพาะทาง มีการเรียน-สอนบางสาขา,กรมการแพทย์ กระทรวงสาธารณสุข,Re-acc. ครั้งที่ 1,2568,,,,,,,,,,,,,
12250,N/A,สถาบันมะเร็งแห่งชาติ,ต่ออายุ,กรุงเทพมหานคร   ,กรุงเทพมหานคร,ภาครัฐ-Advance (มีการเรียนการสอน) ,สถาบันเฉพาะทาง มีการเรียน-สอนบางสาขา,กรมการแพทย์ กระทรวงสาธารณสุข,Re-acc. ครั้งที่ 4,2568,,,,,,,,,,,,,
12438,N/A,สถาบันสุขภาพเด็กแห่งชาติมหาราชินี,สมัครใหม่,กรุงเทพมหานคร   ,กรุงเทพมหานคร,ภาครัฐ-ตติยภูมิ ,สถาบันเฉพาะทาง,กรมการแพทย์ กระทรวงสาธารณสุข,Re-acc. ครั้งที่ 6,2568,,,,,,,,,,,,,
12439,N/A,สถาบันประสาทวิทยา,ต่ออายุ,กรุงเทพมหานคร   ,กรุงเทพมหานคร,ภาครัฐ-ตติยภูมิ ,สถาบันเฉพาะทาง,กรมการแพทย์ กระทรวงสาธารณสุข,Re-acc. ครั้งที่ 5,2568,,,,,,,,,,,,,
13756,โรงพยาบาล,จุฬาลงกรณ์ สภากาชาดไทย,ต่ออายุ,กรุงเทพมหานคร   ,กรุงเทพมหานคร,ภาครัฐ-Advance (มีการเรียนการสอน) ,รพ.รร.แพทย์ มีการเรียน-สอนครบทุกสาขา,สภากาชาดไทย,Advanced HA,2568,,,,,,,,,,,,,
13757,โรงพยาบาล,เวชศาสตร์เขตร้อน มหาวิทยาลัยมหิดล,ต่ออายุ,กรุงเทพมหานคร   ,กรุงเทพมหานคร,ภาครัฐ-Advance (มีการเรียนการสอน) ,สถาบันเฉพาะทาง มีการเรียน-สอนบางสาขา,มหาวิทยาลัย กระทรวงการอุดมศึกษา วิทยาศาสตร์ วิจัยและนวัตกรรม,Re-acc. ครั้งที่ 3,2568,,,,,,,,,,,,,
13781,โรงพยาบาล,รามาธิบดี มหาวิทยาลัยมหิดล,ต่ออายุ,กรุงเทพมหานคร   ,กรุงเทพมหานคร,ภาครัฐ-Advance (มีการเรียนการสอน) ,รพ.รร.แพทย์ มีการเรียน-สอนครบทุกสาขา,มหาวิทยาลัย กระทรวงการอุดมศึกษา วิทยาศาสตร์ วิจัยและนวัตกรรม,Re-Advanced HA ครั้งที่ 1,2568,,,,,,,,,,,,,
14173,โรงพยาบาล,ตำรวจ,ต่ออายุ,กรุงเทพมหานคร   ,กรุงเทพมหานคร,ภาครัฐ-Advance (มีการเรียนการสอน) ,รพ.ระดับตติยภูมิหรือเทียบเท่า มีการเรียน-สอนบางสาขา,สำนักงานตำรวจแห่งชาติ,Re-acc. ครั้งที่ 5,2568,,,,,,,,,,,,,
14572,โรงพยาบาล,บี.แคร์ เมดิคอลเซ็นเตอร์,ต่ออายุ,กรุงเทพมหานคร   ,กรุงเทพมหานคร,ภาคเอกชน,เอกชนระดับเทียบเท่า รพท.,เอกชน,Re-acc. ครั้งที่ 3,2568,,,,,,,,,,,,,
14641,โรงพยาบาล,ราชพิพัฒน์,ต่ออายุ,กรุงเทพมหานคร   ,กรุงเทพมหานคร,ภาครัฐ-Advance (มีการเรียนการสอน) ,รพ.ระดับตติยภูมิหรือเทียบเท่า มีการเรียน-สอนบางสาขา,กรุงเทพมหานคร,Re-acc. ครั้งที่ 4,2568,,,,,,,,,,,,,
14955,N/A,สถาบันสุขภาพจิตเด็กและวัยรุ่นราชนครินทร์,ต่ออายุ,กรุงเทพมหานคร   ,กรุงเทพมหานคร,ภาครัฐ-ตติยภูมิ ,สถาบันเฉพาะทาง,กรมสุขภาพจิต กระทรวงสาธารณสุข,Re-acc. ครั้งที่ 4,2568,,,,,,,,,,,,,
15049,โรงพยาบาล,สิรินธร กรุงเทพมหานคร,ต่ออายุ,กรุงเทพมหานคร   ,กรุงเทพมหานคร,ภาครัฐ-ตติยภูมิ ,รพ.ระดับเทียบเท่า รพศ.,กรุงเทพมหานคร,Re-acc. ครั้งที่ 3,2568,,,,,,,,,,,,,
15147,โรงพยาบาล,บางปะกอก 8,ต่ออายุ,กรุงเทพมหานคร   ,กรุงเทพมหานคร,ภาคเอกชน,เอกชนระดับเทียบเท่า รพท.,เอกชน,Re-acc. ครั้งที่ 2,2568,,,,,,,,,,,,,
21339,โรงพยาบาล,บางปะกอก 9 อินเตอร์เนชั่นแนล,ต่ออายุ,กรุงเทพมหานคร   ,กรุงเทพมหานคร,ภาคเอกชน,เอกชนระดับเทียบเท่า รพศ.,เอกชน,Re-acc. ครั้งที่ 4,2568,,,,,,,,,,,,,
21434,โรงพยาบาล,ทันตกรรม คณะทันตแพทยศาสตร์ มหาวิทยาลัยมหิดล,ต่ออายุ,กรุงเทพมหานคร   ,กรุงเทพมหานคร,ภาครัฐ-ตติยภูมิ ,สถาบันเฉพาะทาง,มหาวิทยาลัย กระทรวงการอุดมศึกษา วิทยาศาสตร์ วิจัยและนวัตกรรม,ขั้น 2,2568,,,,,,,,,,,,,
21673,โรงพยาบาล,ซีจีเอช สายไหม,ต่ออายุ,กรุงเทพมหานคร   ,กรุงเทพมหานคร,ภาคเอกชน,เอกชนระดับเทียบเท่า รพท.,เอกชน,Re-acc. ครั้งที่ 2,2568,,,,,,,,,,,,,
22525,N/A,คลินิกศูนย์แพทย์พัฒนา,ต่ออายุ,กรุงเทพมหานคร   ,กรุงเทพมหานคร,ภาคเอกชน,เอกชนระดับเทียบเท่า รพศ.,เอกชน,Re-acc. ครั้งที่ 3,2568,,,,,,,,,,,,,
22737,โรงพยาบาล,จุฬาภรณ์ กรุงเทพมหานคร,ต่ออายุ,กรุงเทพมหานคร   ,กรุงเทพมหานคร,ภาครัฐ-Advance (มีการเรียนการสอน) ,รพ.รร.แพทย์ มีการเรียน-สอนบางสาขา,สำนักนายกรัฐมนตรี,Re-acc. ครั้งที่ 3,2568,,,,,,,,,,,,,
24923,โรงพยาบาล,สถาบันโรคไตภูมิราชนครินทร์,ต่ออายุ,กรุงเทพมหานคร   ,กรุงเทพมหานคร,ภาคเอกชน,เอกชนระดับเทียบเท่า รพศ.,เอกชน,ขั้น 3 (Accreditation),2568,,,,,,,,,,,,,
25060,โรงพยาบาล,ผู้สูงอายุบางขุนเทียน,ต่ออายุ,กรุงเทพมหานคร   ,กรุงเทพมหานคร,ภาครัฐ-ชุมชน ,รพช.(F2),สำนักการแพทย์ กรุงเทพมหานคร,ยังไม่เคยเข้าสู่กระบวนการรับรอง,2568,,,,,,,,,,,,,
41522,โรงพยาบาล,รัตนประชารักษ์,ต่ออายุ,กรุงเทพมหานคร   ,กรุงเทพมหานคร,ภาครัฐ-ชุมชน ,รพช.(F3),กรุงเทพมหานคร,ขั้น 2,2568,,,,,,,,,,,,,
41582,โรงพยาบาล,บางนากรุงเทพมหานคร,ต่ออายุ,กรุงเทพมหานคร   ,กรุงเทพมหานคร,ภาครัฐ-ทั่วไป,รพท.(S),สำนักการแพทย์ กรุงเทพมหานคร,ขั้น 2,2568,,,,,,,,,,,,,
42141,โรงพยาบาล,นวเวช,สมัครใหม่,กรุงเทพมหานคร   ,กรุงเทพมหานคร,ภาครัฐ-ทั่วไป,รพท.(M1),เอกชน,ขั้น 2,2568,,,,,,,,,,,,,
42167,โรงพยาบาล,วิมุต,ต่ออายุ,กรุงเทพมหานคร   ,กรุงเทพมหานคร,ภาคเอกชน,เอกชนระดับเทียบเท่า รพท.,เอกชน,ขั้น 2,2568,,,,,,,,,,,,,
10673,โรงพยาบาล,อุตรดิตถ์,ต่ออายุ,อุตรดิตถ์   ,ภาคเหนือ,ภาครัฐ-Advance (มีการเรียนการสอน) ,รพศ.(A) มีการเรียน-สอนครบทุกสาขา,สำนักปลัดกระทรวง กระทรวงสาธารณสุข,Re-acc. ครั้งที่ 4,2568,,,,,,,,,,,,,
10676,โรงพยาบาล,พุทธชินราช พิษณุโลก,ต่ออายุ,พิษณุโลก   ,ภาคกลาง,ภาครัฐ-Advance (มีการเรียนการสอน) ,รพศ.(A) มีการเรียน-สอนครบทุกสาขา,สำนักปลัดกระทรวง กระทรวงสาธารณสุข,Re-acc. ครั้งที่ 5,2568,,,,,,,,,,,,,
10722,โรงพยาบาล,สมเด็จพระเจ้าตากสินมหาราช,สมัครใหม่,ตาก   ,ภาคตะวันตก,ภาครัฐ-ทั่วไป,รพท.(S),สำนักปลัดกระทรวง กระทรวงสาธารณสุข,Re-acc. ครั้งที่ 4,2568,,,,,,,,,,,,,
10723,โรงพยาบาล,แม่สอด,ต่ออายุ,ตาก   ,ภาคตะวันตก,ภาครัฐ-ทั่วไป,รพท.(M1),สำนักปลัดกระทรวง กระทรวงสาธารณสุข,Re-acc. ครั้งที่ 5,2568,,,,,,,,,,,,,
10724,โรงพยาบาล,สุโขทัย,ต่ออายุ,สุโขทัย   ,ภาคกลาง,ภาครัฐ-ทั่วไป,รพท.(S),สำนักปลัดกระทรวง กระทรวงสาธารณสุข,Re-acc. ครั้งที่ 4,2568,,,,,,,,,,,,,
10725,โรงพยาบาล,ศรีสังวรสุโขทัย,ต่ออายุ,สุโขทัย   ,ภาคกลาง,ภาครัฐ-ทั่วไป,รพท.(M1),สำนักปลัดกระทรวง กระทรวงสาธารณสุข,Re-acc. ครั้งที่ 4,2568,,,,,,,,,,,,,
10727,โรงพยาบาล,เพชรบูรณ์,ต่ออายุ,เพชรบูรณ์   ,ภาคกลาง,ภาครัฐ-ทั่วไป,รพท.(S),สำนักปลัดกระทรวง กระทรวงสาธารณสุข,Re-acc. ครั้งที่ 3,2568,,,,,,,,,,,,,
11158,โรงพยาบาล,ตรอน,ต่ออายุ,อุตรดิตถ์   ,ภาคเหนือ,ภาครัฐ-ชุมชน ,รพช.(F2),สำนักปลัดกระทรวง กระทรวงสาธารณสุข,Re-acc. ครั้งที่ 2,2568,,,,,,,,,,,,,
11159,โรงพยาบาล,ท่าปลา,ต่ออายุ,อุตรดิตถ์   ,ภาคเหนือ,ภาครัฐ-ชุมชน ,รพช.(F2),สำนักปลัดกระทรวง กระทรวงสาธารณสุข,Re-acc. ครั้งที่ 3,2568,,,,,,,,,,,,,
11161,โรงพยาบาล,ฟากท่า,ต่ออายุ,อุตรดิตถ์   ,ภาคเหนือ,ภาครัฐ-ชุมชน ,รพช.(F2),สำนักปลัดกระทรวง กระทรวงสาธารณสุข,Re-acc. ครั้งที่ 1,2568,,,,,,,,,,,,,
11162,โรงพยาบาล,บ้านโคก,ต่ออายุ,อุตรดิตถ์   ,ภาคเหนือ,ภาครัฐ-ชุมชน ,รพช.(F2),สำนักปลัดกระทรวง กระทรวงสาธารณสุข,Re-acc. ครั้งที่ 3,2568,,,,,,,,,,,,,
11163,โรงพยาบาล,พิชัย,สมัครใหม่,อุตรดิตถ์   ,ภาคเหนือ,ภาครัฐ-ชุมชน ,รพช.(F1),สำนักปลัดกระทรวง กระทรวงสาธารณสุข,Re-acc. ครั้งที่ 1,2568,,,,,,,,,,,,,
11164,โรงพยาบาล,ลับแล,ต่ออายุ,อุตรดิตถ์   ,ภาคเหนือ,ภาครัฐ-ชุมชน ,รพช.(F2),สำนักปลัดกระทรวง กระทรวงสาธารณสุข,Re-acc. ครั้งที่ 2,2568,,,,,,,,,,,,,
11238,โรงพยาบาล,บ้านตาก,ต่ออายุ,ตาก   ,ภาคตะวันตก,ภาครัฐ-ชุมชน ,รพช.(F2),สำนักปลัดกระทรวง กระทรวงสาธารณสุข,Re-acc. ครั้งที่ 5,2568,,,,,,,,,,,,,
11239,โรงพยาบาล,สามเงา,ต่ออายุ,ตาก   ,ภาคตะวันตก,ภาครัฐ-ชุมชน ,รพช.(F2),สำนักปลัดกระทรวง กระทรวงสาธารณสุข,Re-acc. ครั้งที่ 2,2568,,,,,,,,,,,,,
11240,โรงพยาบาล,แม่ระมาด,ต่ออายุ,ตาก   ,ภาคตะวันตก,ภาครัฐ-ชุมชน ,รพช.(M2),สำนักปลัดกระทรวง กระทรวงสาธารณสุข,Re-acc. ครั้งที่ 4,2568,,,,,,,,,,,,,
11242,โรงพยาบาล,พบพระ,ต่ออายุ,ตาก   ,ภาคตะวันตก,ภาครัฐ-ชุมชน ,รพช.(M2),สำนักปลัดกระทรวง กระทรวงสาธารณสุข,Re-acc. ครั้งที่ 3,2568,,,,,,,,,,,,,
11244,โรงพยาบาล,บ้านด่านลานหอย,ต่ออายุ,สุโขทัย   ,ภาคกลาง,ภาครัฐ-ชุมชน ,รพช.(F2),สำนักปลัดกระทรวง กระทรวงสาธารณสุข,Re-acc. ครั้งที่ 3,2568,,,,,,,,,,,,,
11245,โรงพยาบาล,คีรีมาศ,ต่ออายุ,สุโขทัย   ,ภาคกลาง,ภาครัฐ-ชุมชน ,รพช.(F2),สำนักปลัดกระทรวง กระทรวงสาธารณสุข,Re-acc. ครั้งที่ 4,2568,,,,,,,,,,,,,
11246,โรงพยาบาล,กงไกรลาศ,ต่ออายุ,สุโขทัย   ,ภาคกลาง,ภาครัฐ-ชุมชน ,รพช.(F2),สำนักปลัดกระทรวง กระทรวงสาธารณสุข,Re-acc. ครั้งที่ 5,2568,,,,,,,,,,,,,
11247,โรงพยาบาล,ศรีสัชนาลัย,ต่ออายุ,สุโขทัย   ,ภาคกลาง,ภาครัฐ-ชุมชน ,รพช.(F1),สำนักปลัดกระทรวง กระทรวงสาธารณสุข,Re-acc. ครั้งที่ 2,2568,,,,,,,,,,,,,
11251,โรงพยาบาล,ชาติตระการ,ต่ออายุ,พิษณุโลก   ,ภาคกลาง,ภาครัฐ-ชุมชน ,รพช.(F1),สำนักปลัดกระทรวง กระทรวงสาธารณสุข,Re-acc. ครั้งที่ 3,2568,,,,,,,,,,,,,
11252,โรงพยาบาล,บางระกำ,ต่ออายุ,พิษณุโลก   ,ภาคกลาง,ภาครัฐ-ชุมชน ,รพช.(F1),สำนักปลัดกระทรวง กระทรวงสาธารณสุข,Re-acc. ครั้งที่ 3,2568,,,,,,,,,,,,,
11253,โรงพยาบาล,บางกระทุ่ม,ต่ออายุ,พิษณุโลก   ,ภาคกลาง,ภาครัฐ-ชุมชน ,รพช.(F2),สำนักปลัดกระทรวง กระทรวงสาธารณสุข,Re-acc. ครั้งที่ 4,2568,,,,,,,,,,,,,
11254,โรงพยาบาล,พรหมพิราม,ต่ออายุ,พิษณุโลก   ,ภาคกลาง,ภาครัฐ-ชุมชน ,รพช.(F2),สำนักปลัดกระทรวง กระทรวงสาธารณสุข,Re-acc. ครั้งที่ 3,2568,,,,,,,,,,,,,
11255,โรงพยาบาล,วัดโบสถ์,ต่ออายุ,พิษณุโลก   ,ภาคกลาง,ภาครัฐ-ชุมชน ,รพช.(F2),สำนักปลัดกระทรวง กระทรวงสาธารณสุข,Re-acc. ครั้งที่ 4,2568,,,,,,,,,,,,,
11256,โรงพยาบาล,วังทอง,ต่ออายุ,พิษณุโลก   ,ภาคกลาง,ภาครัฐ-ชุมชน ,รพช.(F1),สำนักปลัดกระทรวง กระทรวงสาธารณสุข,Re-acc. ครั้งที่ 4,2568,,,,,,,,,,,,,
11264,โรงพยาบาล,ชนแดน,ต่ออายุ,เพชรบูรณ์   ,ภาคกลาง,ภาครัฐ-ชุมชน ,รพช.(F2),สำนักปลัดกระทรวง กระทรวงสาธารณสุข,Re-acc. ครั้งที่ 1,2568,,,,,,,,,,,,,
11265,โรงพยาบาล,หล่มสัก,ต่ออายุ,เพชรบูรณ์   ,ภาคกลาง,ภาครัฐ-ทั่วไป,รพท.(S),สำนักปลัดกระทรวง กระทรวงสาธารณสุข,Re-acc. ครั้งที่ 3,2568,,,,,,,,,,,,,
11266,โรงพยาบาล,วิเชียรบุรี,ต่ออายุ,เพชรบูรณ์   ,ภาคกลาง,ภาครัฐ-ทั่วไป,รพท.(M1),สำนักปลัดกระทรวง กระทรวงสาธารณสุข,Re-acc. ครั้งที่ 4,2568,,,,,,,,,,,,,
11267,โรงพยาบาล,ศรีเทพ,ต่ออายุ,เพชรบูรณ์   ,ภาคกลาง,ภาครัฐ-ชุมชน ,รพช.(F2),สำนักปลัดกระทรวง กระทรวงสาธารณสุข,ขั้น 3 (Accreditation),2568,,,,,,,,,,,,,
11268,โรงพยาบาล,หนองไผ่,ต่ออายุ,เพชรบูรณ์   ,ภาคกลาง,ภาครัฐ-ชุมชน ,รพช.(M2),สำนักปลัดกระทรวง กระทรวงสาธารณสุข,Re-acc. ครั้งที่ 3,2568,,,,,,,,,,,,,
11269,โรงพยาบาล,บึงสามพัน,ต่ออายุ,เพชรบูรณ์   ,ภาคกลาง,ภาครัฐ-ชุมชน ,รพช.(F1),สำนักปลัดกระทรวง กระทรวงสาธารณสุข,Re-acc. ครั้งที่ 2,2568,,,,,,,,,,,,,
11271,โรงพยาบาล,วังโป่ง,ต่ออายุ,เพชรบูรณ์   ,ภาคกลาง,ภาครัฐ-ชุมชน ,รพช.(F2),สำนักปลัดกระทรวง กระทรวงสาธารณสุข,Re-acc. ครั้งที่ 2,2568,,,,,,,,,,,,,
11272,โรงพยาบาล,เขาค้อ,ต่ออายุ,เพชรบูรณ์   ,ภาคกลาง,ภาครัฐ-ชุมชน ,รพช.(F2),สำนักปลัดกระทรวง กระทรวงสาธารณสุข,ขั้น 3 (Accreditation),2568,,,,,,,,,,,,,
11455,โรงพยาบาล,สมเด็จพระยุพราชนครไทย,ต่ออายุ,พิษณุโลก   ,ภาคกลาง,ภาครัฐ-ชุมชน ,รพช.(M2),สำนักปลัดกระทรวง กระทรวงสาธารณสุข,Re-acc. ครั้งที่ 4,2568,,,,,,,,,,,,,
11457,โรงพยาบาล,สมเด็จพระยุพราชหล่มเก่า,ต่ออายุ,เพชรบูรณ์   ,ภาคกลาง,ภาครัฐ-ชุมชน ,รพช.(F1),สำนักปลัดกระทรวง กระทรวงสาธารณสุข,Re-acc. ครั้งที่ 4,2568,,,,,,,,,,,,,
11509,โรงพยาบาล,ค่ายพิชัยดาบหัก,ต่ออายุ,อุตรดิตถ์   ,ภาคเหนือ,ภาครัฐ-ทั่วไป,รพ.ระดับเทียบเท่า รพท.,กรมแพทย์ทหารบก กระทรวงกลาโหม,Re-acc. ครั้งที่ 2,2568,,,,,,,,,,,,,
11516,โรงพยาบาล,ค่ายวชิรปราการ,ต่ออายุ,ตาก   ,ภาคตะวันตก,ภาครัฐ-ชุมชน ,รพช.(F2),กรมแพทย์ทหารบก กระทรวงกลาโหม,ขั้น 3 (Accreditation),2568,,,,,,,,,,,,,
11517,โรงพยาบาล,ค่ายสมเด็จพระนเรศวรมหาราช,ต่ออายุ,พิษณุโลก   ,ภาคกลาง,ภาครัฐ-ตติยภูมิ ,รพ.ระดับเทียบเท่า รพศ.,กรมแพทย์ทหารบก กระทรวงกลาโหม,Re-acc. ครั้งที่ 4,2568,,,,,,,,,,,,,
11946,โรงพยาบาล,ค่ายพ่อขุนผาเมือง,ต่ออายุ,เพชรบูรณ์   ,ภาคกลาง,ภาครัฐ-ชุมชน ,รพช.(F2),กรมแพทย์ทหารบก กระทรวงกลาโหม,ขั้น 3 (Accreditation),2568,,,,,,,,,,,,,
14972,โรงพยาบาล,มหาวิทยาลัยนเรศวร,ต่ออายุ,พิษณุโลก   ,ภาคกลาง,ภาครัฐ-Advance (มีการเรียนการสอน) ,รพ.รร.แพทย์ มีการเรียน-สอนครบทุกสาขา,มหาวิทยาลัย กระทรวงการอุดมศึกษา วิทยาศาสตร์ วิจัยและนวัตกรรม,Re-acc. ครั้งที่ 3,2568,,,,,,,,,,,,,
41429,โรงพยาบาล,จิตเวชพิษณุโลก,ต่ออายุ,พิษณุโลก   ,ภาคกลาง,ภาครัฐ-ทั่วไป,รพ.ระดับเทียบเท่า รพท.,กรมสุขภาพจิต กระทรวงสาธารณสุข,ยังไม่เคยเข้าสู่กระบวนการรับรอง,2568,,,,,,,,,,,,,
41622,โรงพยาบาล,พิษณุเวชอุตรดิตถ์,สมัครใหม่,อุตรดิตถ์   ,ภาคเหนือ,ภาคเอกชน,เอกชนระดับเทียบเท่า รพช.,เอกชน,ขั้น 2,2568,,,,,,,,,,,,,
10675,โรงพยาบาล,สวรรค์ประชารักษ์,ต่ออายุ,นครสวรรค์   ,ภาคกลาง,ภาครัฐ-ตติยภูมิ ,รพศ.(A),สำนักปลัดกระทรวง กระทรวงสาธารณสุข,Re-acc. ครั้งที่ 5,2568,,,,,,,,,,,,,
10694,โรงพยาบาล,ชัยนาทนเรนทร,ต่ออายุ,ชัยนาท   ,ภาคกลาง,ภาครัฐ-ทั่วไป,รพท.(S),สำนักปลัดกระทรวง กระทรวงสาธารณสุข,Re-acc. ครั้งที่ 4,2568,,,,,,,,,,,,,
10720,โรงพยาบาล,อุทัยธานี,ต่ออายุ,อุทัยธานี   ,ภาคกลาง,ภาครัฐ-ทั่วไป,รพท.(S),สำนักปลัดกระทรวง กระทรวงสาธารณสุข,Re-acc. ครั้งที่ 5,2568,,,,,,,,,,,,,
10721,โรงพยาบาล,กำแพงเพชร,ต่ออายุ,กำแพงเพชร   ,ภาคกลาง,ภาครัฐ-ทั่วไป,รพท.(S),สำนักปลัดกระทรวง กระทรวงสาธารณสุข,Re-acc. ครั้งที่ 4,2568,,,,,,,,,,,,,
10726,โรงพยาบาล,พิจิตร,ต่ออายุ,พิจิตร   ,ภาคกลาง,ภาครัฐ-ทั่วไป,รพท.(S),สำนักปลัดกระทรวง กระทรวงสาธารณสุข,Re-acc. ครั้งที่ 5,2568,,,,,,,,,,,,,
10803,โรงพยาบาล,วัดสิงห์,ต่ออายุ,ชัยนาท   ,ภาคกลาง,ภาครัฐ-ชุมชน ,รพช.(F2),สำนักปลัดกระทรวง กระทรวงสาธารณสุข,Re-acc. ครั้งที่ 2,2568,,,,,,,,,,,,,
10805,โรงพยาบาล,สรรคบุรี,ต่ออายุ,ชัยนาท   ,ภาคกลาง,ภาครัฐ-ชุมชน ,รพช.(F1),สำนักปลัดกระทรวง กระทรวงสาธารณสุข,Re-acc. ครั้งที่ 2,2568,,,,,,,,,,,,,
11209,โรงพยาบาล,โกรกพระ,สมัครใหม่,นครสวรรค์   ,ภาคกลาง,ภาครัฐ-ชุมชน ,รพช.(F2),สำนักปลัดกระทรวง กระทรวงสาธารณสุข,ขั้น 3 (Accreditation),2568,,,,,,,,,,,,,
11210,โรงพยาบาล,ชุมแสง,ต่ออายุ,นครสวรรค์   ,ภาคกลาง,ภาครัฐ-ชุมชน ,รพช.(F1),สำนักปลัดกระทรวง กระทรวงสาธารณสุข,ขั้น 3 (Accreditation),2568,,,,,,,,,,,,,
11211,โรงพยาบาล,หนองบัว,ต่ออายุ,นครสวรรค์   ,ภาคกลาง,ภาครัฐ-ชุมชน ,รพช.(F2),สำนักปลัดกระทรวง กระทรวงสาธารณสุข,Re-acc. ครั้งที่ 2,2568,,,,,,,,,,,,,
11212,โรงพยาบาล,บรรพตพิสัย,ต่ออายุ,นครสวรรค์   ,ภาคกลาง,ภาครัฐ-ชุมชน ,รพช.(F1),สำนักปลัดกระทรวง กระทรวงสาธารณสุข,Re-acc. ครั้งที่ 2,2568,,,,,,,,,,,,,
11214,โรงพยาบาล,ตาคลี,ต่ออายุ,นครสวรรค์   ,ภาคกลาง,ภาครัฐ-ชุมชน ,รพช.(M2),สำนักปลัดกระทรวง กระทรวงสาธารณสุข,Re-acc. ครั้งที่ 4,2568,,,,,,,,,,,,,
11215,โรงพยาบาล,ท่าตะโก,ต่ออายุ,นครสวรรค์   ,ภาคกลาง,ภาครัฐ-ชุมชน ,รพช.(F1),สำนักปลัดกระทรวง กระทรวงสาธารณสุข,ขั้น 3 (Accreditation),2568,,,,,,,,,,,,,
11216,โรงพยาบาล,ไพศาลี,ต่ออายุ,นครสวรรค์   ,ภาคกลาง,ภาครัฐ-ชุมชน ,รพช.(F2),สำนักปลัดกระทรวง กระทรวงสาธารณสุข,Re-acc. ครั้งที่ 2,2568,,,,,,,,,,,,,
11217,โรงพยาบาล,พยุหะคีรี,ต่ออายุ,นครสวรรค์   ,ภาคกลาง,ภาครัฐ-ชุมชน ,รพช.(F2),สำนักปลัดกระทรวง กระทรวงสาธารณสุข,Re-acc. ครั้งที่ 1,2568,,,,,,,,,,,,,
11218,โรงพยาบาล,ลาดยาว,ต่ออายุ,นครสวรรค์   ,ภาคกลาง,ภาครัฐ-ชุมชน ,รพช.(M2),สำนักปลัดกระทรวง กระทรวงสาธารณสุข,Re-acc. ครั้งที่ 1,2568,,,,,,,,,,,,,
11219,โรงพยาบาล,ตากฟ้า,ต่ออายุ,นครสวรรค์   ,ภาคกลาง,ภาครัฐ-ชุมชน ,รพช.(F2),สำนักปลัดกระทรวง กระทรวงสาธารณสุข,Re-acc. ครั้งที่ 3,2568,,,,,,,,,,,,,
11220,โรงพยาบาล,แม่วงก์,ต่ออายุ,นครสวรรค์   ,ภาคกลาง,ภาครัฐ-ชุมชน ,รพช.(F2),สำนักปลัดกระทรวง กระทรวงสาธารณสุข,Re-acc. ครั้งที่ 2,2568,,,,,,,,,,,,,
11221,โรงพยาบาล,ทัพทัน,ต่ออายุ,อุทัยธานี   ,ภาคกลาง,ภาครัฐ-ชุมชน ,รพช.(F1),สำนักปลัดกระทรวง กระทรวงสาธารณสุข,Re-acc. ครั้งที่ 2,2568,,,,,,,,,,,,,
11222,โรงพยาบาล,สว่างอารมณ์,ต่ออายุ,อุทัยธานี   ,ภาคกลาง,ภาครัฐ-ชุมชน ,รพช.(F2),สำนักปลัดกระทรวง กระทรวงสาธารณสุข,Re-acc. ครั้งที่ 2,2568,,,,,,,,,,,,,
11223,โรงพยาบาล,หนองฉาง,ต่ออายุ,อุทัยธานี   ,ภาคกลาง,ภาครัฐ-ชุมชน ,รพช.(F1),สำนักปลัดกระทรวง กระทรวงสาธารณสุข,Re-acc. ครั้งที่ 2,2568,,,,,,,,,,,,,
11224,โรงพยาบาล,หนองขาหย่าง,ต่ออายุ,อุทัยธานี   ,ภาคกลาง,ภาครัฐ-ชุมชน ,รพช.(F3),สำนักปลัดกระทรวง กระทรวงสาธารณสุข,ขั้น 3 (Accreditation),2568,,,,,,,,,,,,,
11225,โรงพยาบาล,บ้านไร่,ต่ออายุ,อุทัยธานี   ,ภาคกลาง,ภาครัฐ-ชุมชน ,รพช.(F1),สำนักปลัดกระทรวง กระทรวงสาธารณสุข,Re-acc. ครั้งที่ 3,2568,,,,,,,,,,,,,
11226,โรงพยาบาล,ลานสัก,ต่ออายุ,อุทัยธานี   ,ภาคกลาง,ภาครัฐ-ชุมชน ,รพช.(F2),สำนักปลัดกระทรวง กระทรวงสาธารณสุข,Re-acc. ครั้งที่ 1,2568,,,,,,,,,,,,,
11227,โรงพยาบาล,ห้วยคต,ต่ออายุ,อุทัยธานี   ,ภาคกลาง,ภาครัฐ-ชุมชน ,รพช.(F2),สำนักปลัดกระทรวง กระทรวงสาธารณสุข,Re-acc. ครั้งที่ 1,2568,,,,,,,,,,,,,
11228,โรงพยาบาล,ทุ่งโพธิ์ทะเล,ต่ออายุ,กำแพงเพชร   ,ภาคกลาง,ภาครัฐ-ชุมชน ,รพช.(F3),สำนักปลัดกระทรวง กระทรวงสาธารณสุข,ขั้น 3 (Accreditation),2568,,,,,,,,,,,,,
11229,โรงพยาบาล,ไทรงาม,ต่ออายุ,กำแพงเพชร   ,ภาคกลาง,ภาครัฐ-ชุมชน ,รพช.(F2),สำนักปลัดกระทรวง กระทรวงสาธารณสุข,Re-acc. ครั้งที่ 2,2568,,,,,,,,,,,,,
11231,โรงพยาบาล,ขาณุวรลักษบุรี,ต่ออายุ,กำแพงเพชร   ,ภาคกลาง,ภาครัฐ-ชุมชน ,รพช.(M2),สำนักปลัดกระทรวง กระทรวงสาธารณสุข,Re-acc. ครั้งที่ 4,2568,,,,,,,,,,,,,
11232,โรงพยาบาล,คลองขลุง,ต่ออายุ,กำแพงเพชร   ,ภาคกลาง,ภาครัฐ-ชุมชน ,รพช.(F1),สำนักปลัดกระทรวง กระทรวงสาธารณสุข,Re-acc. ครั้งที่ 3,2568,,,,,,,,,,,,,
11233,โรงพยาบาล,พรานกระต่าย,ต่ออายุ,กำแพงเพชร   ,ภาคกลาง,ภาครัฐ-ชุมชน ,รพช.(F2),สำนักปลัดกระทรวง กระทรวงสาธารณสุข,Re-acc. ครั้งที่ 3,2568,,,,,,,,,,,,,
11234,โรงพยาบาล,ลานกระบือ,ต่ออายุ,กำแพงเพชร   ,ภาคกลาง,ภาครัฐ-ชุมชน ,รพช.(F2),สำนักปลัดกระทรวง กระทรวงสาธารณสุข,Re-acc. ครั้งที่ 2,2568,,,,,,,,,,,,,
11235,โรงพยาบาล,ทรายทองวัฒนา,ต่ออายุ,กำแพงเพชร   ,ภาคกลาง,ภาครัฐ-ชุมชน ,รพช.(F2),สำนักปลัดกระทรวง กระทรวงสาธารณสุข,Re-acc. ครั้งที่ 2,2568,,,,,,,,,,,,,
11236,โรงพยาบาล,ปางศิลาทอง,ต่ออายุ,กำแพงเพชร   ,ภาคกลาง,ภาครัฐ-ชุมชน ,รพช.(F2),สำนักปลัดกระทรวง กระทรวงสาธารณสุข,Re-acc. ครั้งที่ 2,2568,,,,,,,,,,,,,
11258,โรงพยาบาล,วังทรายพูน,ต่ออายุ,พิจิตร   ,ภาคกลาง,ภาครัฐ-ชุมชน ,รพช.(F2),สำนักปลัดกระทรวง กระทรวงสาธารณสุข,Re-acc. ครั้งที่ 2,2568,,,,,,,,,,,,,
11260,โรงพยาบาล,บางมูลนาก,ต่ออายุ,พิจิตร   ,ภาคกลาง,ภาครัฐ-ชุมชน ,รพช.(M2),สำนักปลัดกระทรวง กระทรวงสาธารณสุข,Re-acc. ครั้งที่ 4,2568,,,,,,,,,,,,,
11261,โรงพยาบาล,โพทะเล,ต่ออายุ,พิจิตร   ,ภาคกลาง,ภาครัฐ-ชุมชน ,รพช.(F1),สำนักปลัดกระทรวง กระทรวงสาธารณสุข,Re-acc. ครั้งที่ 3,2568,,,,,,,,,,,,,
11262,โรงพยาบาล,สามง่าม,ต่ออายุ,พิจิตร   ,ภาคกลาง,ภาครัฐ-ชุมชน ,รพช.(F2),สำนักปลัดกระทรวง กระทรวงสาธารณสุข,Re-acc. ครั้งที่ 3,2568,,,,,,,,,,,,,
11263,โรงพยาบาล,ทับคล้อ,ต่ออายุ,พิจิตร   ,ภาคกลาง,ภาครัฐ-ชุมชน ,รพช.(F2),สำนักปลัดกระทรวง กระทรวงสาธารณสุข,Re-acc. ครั้งที่ 3,2568,,,,,,,,,,,,,
11456,โรงพยาบาล,สมเด็จพระยุพราชตะพานหิน,ต่ออายุ,พิจิตร   ,ภาคกลาง,ภาครัฐ-ชุมชน ,รพช.(M2),สำนักปลัดกระทรวง กระทรวงสาธารณสุข,Re-acc. ครั้งที่ 4,2568,,,,,,,,,,,,,
11513,โรงพยาบาล,ค่ายจิรประวัติ,ต่ออายุ,นครสวรรค์   ,ภาคกลาง,ภาครัฐ-ทั่วไป,รพ.ระดับเทียบเท่า รพท.,กรมแพทย์ทหารบก กระทรวงกลาโหม,Re-acc. ครั้งที่ 3,2568,,,,,,,,,,,,,
11631,โรงพยาบาล,วชิรบารมี,สมัครใหม่,พิจิตร   ,ภาคกลาง,ภาครัฐ-ชุมชน ,รพช.(F2),สำนักปลัดกระทรวง กระทรวงสาธารณสุข,Re-acc. ครั้งที่ 4,2568,,,,,,,,,,,,,
11828,โรงพยาบาล,รวมแพทย์ ชัยนาท,ต่ออายุ,ชัยนาท   ,ภาคกลาง,ภาคเอกชน,เอกชนระดับเทียบเท่า รพช.,เอกชน,ขั้น 3 (Accreditation),2568,,,,,,,,,,,,,
12030,โรงพยาบาล,พริ้นซ์ ปากน้ำโพ1,ต่ออายุ,นครสวรรค์   ,ภาคกลาง,ภาคเอกชน,เอกชนระดับเทียบเท่า รพท.,เอกชน,Re-acc. ครั้งที่ 1,2568,,,,,,,,,,,,,
12034,โรงพยาบาล,พริ้นซ์ ปากน้ำโพ 2,ต่ออายุ,นครสวรรค์   ,ภาคกลาง,ภาคเอกชน,เอกชนระดับเทียบเท่า รพท.,เอกชน,ขั้น 2,2568,,,,,,,,,,,,,
12284,โรงพยาบาล,ส่งเสริมสุขภาพ ศูนย์อนามัยที่ 3,ต่ออายุ,นครสวรรค์   ,ภาคกลาง,ภาครัฐ-ชุมชน ,รพ.ระดับเทียบเท่า รพช.,กรมอนามัย กระทรวงสาธารณสุข,ขั้น 2,2568,,,,,,,,,,,,,
14135,โรงพยาบาล,บึงสามัคคี,ต่ออายุ,กำแพงเพชร   ,ภาคกลาง,ภาครัฐ-ชุมชน ,รพช.(F2),สำนักปลัดกระทรวง กระทรวงสาธารณสุข,Re-acc. ครั้งที่ 2,2568,,,,,,,,,,,,,
14171,โรงพยาบาล,จิตเวชนครสวรรค์ราชนครินทร์,ต่ออายุ,นครสวรรค์   ,ภาคกลาง,ภาครัฐ-ตติยภูมิ ,สถาบันเฉพาะทาง,กรมสุขภาพจิต กระทรวงสาธารณสุข,Re-acc. ครั้งที่ 3,2568,,,,,,,,,,,,,
27974,โรงพยาบาล,หนองมะโมง,ต่ออายุ,ชัยนาท   ,ภาคกลาง,ภาครัฐ-ชุมชน ,รพช.(F3),สำนักปลัดกระทรวง กระทรวงสาธารณสุข,ยังไม่เคยเข้าสู่กระบวนการรับรอง,2568,,,,,,,,,,,,,
27978,โรงพยาบาล,สากเหล็ก,ต่ออายุ,พิจิตร   ,ภาคกลาง,ภาครัฐ-ชุมชน ,รพช.(F3),สำนักปลัดกระทรวง กระทรวงสาธารณสุข,ยังไม่เคยเข้าสู่กระบวนการรับรอง,2568,,,,,,,,,,,,,
27979,โรงพยาบาล,บึงนาราง,ต่ออายุ,พิจิตร   ,ภาคกลาง,ภาครัฐ-ชุมชน ,รพช.(F3),สำนักปลัดกระทรวง กระทรวงสาธารณสุข,ยังไม่เคยเข้าสู่กระบวนการรับรอง,2568,,,,,,,,,,,,,
40749,โรงพยาบาล,ชุมตาบง,ต่ออายุ,นครสวรรค์   ,ภาคกลาง,ภาครัฐ-ชุมชน ,รพช.(F3),สำนักปลัดกระทรวง กระทรวงสาธารณสุข,ยังไม่เคยเข้าสู่กระบวนการรับรอง,2568,,,,,,,,,,,,,
10660,โรงพยาบาล,พระนครศรีอยุธยา,ต่ออายุ,พระนครศรีอยุธยา   ,ภาคกลาง,ภาครัฐ-ตติยภูมิ ,รพศ.(A),สำนักปลัดกระทรวง กระทรวงสาธารณสุข,Re-acc. ครั้งที่ 5,2568,,,,,,,,,,,,,
10661,โรงพยาบาล,สระบุรี,ต่ออายุ,สระบุรี,ภาคกลาง,ภาครัฐ-Advance (มีการเรียนการสอน) ,รพศ.(A) มีการเรียน-สอนครบทุกสาขา,สำนักปลัดกระทรวง กระทรวงสาธารณสุข,Re-acc. ครั้งที่ 5,2568,,,,,,,,,,,,,
10686,โรงพยาบาล,พระนั่งเกล้า,ต่ออายุ,นนทบุรี   ,ภาคกลาง,ภาครัฐ-Advance (มีการเรียนการสอน) ,รพศ.(A) มีการเรียน-สอนบางสาขา,สำนักปลัดกระทรวง กระทรวงสาธารณสุข,Re-acc. ครั้งที่ 3,2568,,,,,,,,,,,,,
10687,โรงพยาบาล,ปทุมธานี,ต่ออายุ,ปทุมธานี   ,ภาคกลาง,ภาครัฐ-ทั่วไป,รพท.(S),สำนักปลัดกระทรวง กระทรวงสาธารณสุข,Re-acc. ครั้งที่ 4,2568,,,,,,,,,,,,,
10688,โรงพยาบาล,เสนา,ต่ออายุ,พระนครศรีอยุธยา   ,ภาคกลาง,ภาครัฐ-ทั่วไป,รพท.(M1),สำนักปลัดกระทรวง กระทรวงสาธารณสุข,Re-acc. ครั้งที่ 3,2568,,,,,,,,,,,,,
10689,โรงพยาบาล,อ่างทอง,ต่ออายุ,อ่างทอง   ,ภาคกลาง,ภาครัฐ-ทั่วไป,รพท.(S),สำนักปลัดกระทรวง กระทรวงสาธารณสุข,Re-acc. ครั้งที่ 2,2568,,,,,,,,,,,,,
10690,โรงพยาบาล,พระนารายณ์มหาราช,ต่ออายุ,ลพบุรี   ,ภาคกลาง,ภาครัฐ-ทั่วไป,รพท.(S),สำนักปลัดกระทรวง กระทรวงสาธารณสุข,Re-acc. ครั้งที่ 5,2568,,,,,,,,,,,,,
10691,โรงพยาบาล,บ้านหมี่,ต่ออายุ,ลพบุรี   ,ภาคกลาง,ภาครัฐ-ทั่วไป,รพท.(M1),สำนักปลัดกระทรวง กระทรวงสาธารณสุข,Re-acc. ครั้งที่ 4,2568,,,,,,,,,,,,,
10692,โรงพยาบาล,สิงห์บุรี,ต่ออายุ,สิงห์บุรี   ,ภาคกลาง,ภาครัฐ-ทั่วไป,รพท.(S),สำนักปลัดกระทรวง กระทรวงสาธารณสุข,Re-acc. ครั้งที่ 5,2568,,,,,,,,,,,,,
10693,โรงพยาบาล,อินทร์บุรี,สมัครใหม่,สิงห์บุรี   ,ภาคกลาง,ภาครัฐ-ทั่วไป,รพท.(M1),สำนักปลัดกระทรวง กระทรวงสาธารณสุข,Re-acc. ครั้งที่ 3,2568,,,,,,,,,,,,,
10695,โรงพยาบาล,พระพุทธบาท,สมัครใหม่,สระบุรี,ภาคกลาง,ภาครัฐ-ทั่วไป,รพท.(M1),สำนักปลัดกระทรวง กระทรวงสาธารณสุข,Re-acc. ครั้งที่ 5,2568,,,,,,,,,,,,,
10698,โรงพยาบาล,นครนายก,ต่ออายุ,นครนายก   ,ภาคกลาง,ภาครัฐ-ทั่วไป,รพท.(S),สำนักปลัดกระทรวง กระทรวงสาธารณสุข,Re-acc. ครั้งที่ 3,2568,,,,,,,,,,,,,
10756,โรงพยาบาล,บางกรวย,ต่ออายุ,นนทบุรี   ,ภาคกลาง,ภาครัฐ-ชุมชน ,รพช.(F1),สำนักปลัดกระทรวง กระทรวงสาธารณสุข,Re-acc. ครั้งที่ 2,2568,,,,,,,,,,,,,
10757,โรงพยาบาล,บางใหญ่,ต่ออายุ,นนทบุรี   ,ภาคกลาง,ภาครัฐ-ชุมชน ,รพช.(M2),สำนักปลัดกระทรวง กระทรวงสาธารณสุข,Re-acc. ครั้งที่ 2,2568,,,,,,,,,,,,,
10758,โรงพยาบาล,บางบัวทอง,ต่ออายุ,นนทบุรี   ,ภาคกลาง,ภาครัฐ-ชุมชน ,รพช.(M2),สำนักปลัดกระทรวง กระทรวงสาธารณสุข,Re-acc. ครั้งที่ 1,2568,,,,,,,,,,,,,
10759,โรงพยาบาล,ไทรน้อย,ต่ออายุ,นนทบุรี   ,ภาคกลาง,ภาครัฐ-ชุมชน ,รพช.(F1),สำนักปลัดกระทรวง กระทรวงสาธารณสุข,Re-acc. ครั้งที่ 3,2568,,,,,,,,,,,,,
10762,โรงพยาบาล,ธัญบุรี,ต่ออายุ,ปทุมธานี   ,ภาคกลาง,ภาครัฐ-ชุมชน ,รพช.(M2),สำนักปลัดกระทรวง กระทรวงสาธารณสุข,Re-acc. ครั้งที่ 1,2568,,,,,,,,,,,,,
10763,โรงพยาบาล,ประชาธิปัตย์,ต่ออายุ,ปทุมธานี   ,ภาคกลาง,ภาครัฐ-ชุมชน ,รพช.(F2),สำนักปลัดกระทรวง กระทรวงสาธารณสุข,Re-acc. ครั้งที่ 1,2568,,,,,,,,,,,,,
10764,โรงพยาบาล,หนองเสือ,ต่ออายุ,ปทุมธานี   ,ภาคกลาง,ภาครัฐ-ชุมชน ,รพช.(F1),สำนักปลัดกระทรวง กระทรวงสาธารณสุข,ขั้น 3 (Accreditation),2568,,,,,,,,,,,,,
10765,โรงพยาบาล,ลาดหลุมแก้ว,ต่ออายุ,ปทุมธานี   ,ภาคกลาง,ภาครัฐ-ชุมชน ,รพช.(F2),สำนักปลัดกระทรวง กระทรวงสาธารณสุข,Re-acc. ครั้งที่ 2,2568,,,,,,,,,,,,,
10766,โรงพยาบาล,ลำลูกกา,ต่ออายุ,ปทุมธานี   ,ภาคกลาง,ภาครัฐ-ชุมชน ,รพช.(F2),สำนักปลัดกระทรวง กระทรวงสาธารณสุข,Re-acc. ครั้งที่ 1,2568,,,,,,,,,,,,,
10767,โรงพยาบาล,สามโคก,ต่ออายุ,ปทุมธานี   ,ภาคกลาง,ภาครัฐ-ชุมชน ,รพช.(F2),สำนักปลัดกระทรวง กระทรวงสาธารณสุข,Re-acc. ครั้งที่ 2,2568,,,,,,,,,,,,,
10768,โรงพยาบาล,ท่าเรือ,ต่ออายุ,พระนครศรีอยุธยา   ,ภาคกลาง,ภาครัฐ-ชุมชน ,รพช.(F1),สำนักปลัดกระทรวง กระทรวงสาธารณสุข,Re-acc. ครั้งที่ 4,2568,,,,,,,,,,,,,
10769,โรงพยาบาล,สมเด็จพระสังฆราชเจ้า กรมหลวงชินวราลงกรณ (วาสนมหาเถร),ต่ออายุ,พระนครศรีอยุธยา   ,ภาคกลาง,ภาครัฐ-ชุมชน ,รพช.(F1),สำนักปลัดกระทรวง กระทรวงสาธารณสุข,Re-acc. ครั้งที่ 4,2568,,,,,,,,,,,,,
10770,โรงพยาบาล,บางไทร,ต่ออายุ,พระนครศรีอยุธยา   ,ภาคกลาง,ภาครัฐ-ชุมชน ,รพช.(F2),สำนักปลัดกระทรวง กระทรวงสาธารณสุข,ขั้น 3 (Accreditation),2568,,,,,,,,,,,,,
10771,โรงพยาบาล,บางบาล,ต่ออายุ,พระนครศรีอยุธยา   ,ภาคกลาง,ภาครัฐ-ชุมชน ,รพช.(F2),สำนักปลัดกระทรวง กระทรวงสาธารณสุข,Re-acc. ครั้งที่ 1,2568,,,,,,,,,,,,,
10772,โรงพยาบาล,บางปะอิน,ต่ออายุ,พระนครศรีอยุธยา   ,ภาคกลาง,ภาครัฐ-ชุมชน ,รพช.(M2),สำนักปลัดกระทรวง กระทรวงสาธารณสุข,Re-acc. ครั้งที่ 2,2568,,,,,,,,,,,,,
10773,โรงพยาบาล,บางปะหัน,ต่ออายุ,พระนครศรีอยุธยา   ,ภาคกลาง,ภาครัฐ-ชุมชน ,รพช.(F1),สำนักปลัดกระทรวง กระทรวงสาธารณสุข,Re-acc. ครั้งที่ 3,2568,,,,,,,,,,,,,
10774,โรงพยาบาล,ผักไห่,ต่ออายุ,พระนครศรีอยุธยา   ,ภาคกลาง,ภาครัฐ-ชุมชน ,รพช.(F2),สำนักปลัดกระทรวง กระทรวงสาธารณสุข,Re-acc. ครั้งที่ 3,2568,,,,,,,,,,,,,
10775,โรงพยาบาล,ภาชี,ต่ออายุ,พระนครศรีอยุธยา   ,ภาคกลาง,ภาครัฐ-ชุมชน ,รพช.(F2),สำนักปลัดกระทรวง กระทรวงสาธารณสุข,Re-acc. ครั้งที่ 3,2568,,,,,,,,,,,,,
10776,โรงพยาบาล,ลาดบัวหลวง,ต่ออายุ,พระนครศรีอยุธยา   ,ภาคกลาง,ภาครัฐ-ชุมชน ,รพช.(F2),สำนักปลัดกระทรวง กระทรวงสาธารณสุข,Re-acc. ครั้งที่ 1,2568,,,,,,,,,,,,,
10777,โรงพยาบาล,วังน้อย,ต่ออายุ,พระนครศรีอยุธยา   ,ภาคกลาง,ภาครัฐ-ชุมชน ,รพช.(F1),สำนักปลัดกระทรวง กระทรวงสาธารณสุข,Re-acc. ครั้งที่ 2,2568,,,,,,,,,,,,,
10778,โรงพยาบาล,บางซ้าย,ต่ออายุ,พระนครศรีอยุธยา   ,ภาคกลาง,ภาครัฐ-ชุมชน ,รพช.(F3),สำนักปลัดกระทรวง กระทรวงสาธารณสุข,Re-acc. ครั้งที่ 2,2568,,,,,,,,,,,,,
10779,โรงพยาบาล,อุทัย,ต่ออายุ,พระนครศรีอยุธยา   ,ภาคกลาง,ภาครัฐ-ชุมชน ,รพช.(F2),สำนักปลัดกระทรวง กระทรวงสาธารณสุข,Re-acc. ครั้งที่ 1,2568,,,,,,,,,,,,,
10780,โรงพยาบาล,มหาราช,ต่ออายุ,พระนครศรีอยุธยา   ,ภาคกลาง,ภาครัฐ-ทั่วไป,รพท.(S),สำนักปลัดกระทรวง กระทรวงสาธารณสุข,Re-acc. ครั้งที่ 1,2568,,,,,,,,,,,,,
10781,โรงพยาบาล,บ้านแพรก,ต่ออายุ,พระนครศรีอยุธยา   ,ภาคกลาง,ภาครัฐ-ชุมชน ,รพช.(F3),สำนักปลัดกระทรวง กระทรวงสาธารณสุข,Re-acc. ครั้งที่ 2,2568,,,,,,,,,,,,,
10782,โรงพยาบาล,ไชโย,ต่ออายุ,อ่างทอง   ,ภาคกลาง,ภาครัฐ-ชุมชน ,รพช.(F2),สำนักปลัดกระทรวง กระทรวงสาธารณสุข,Re-acc. ครั้งที่ 1,2568,,,,,,,,,,,,,
10784,โรงพยาบาล,ป่าโมก,ต่ออายุ,อ่างทอง   ,ภาคกลาง,ภาครัฐ-ชุมชน ,รพช.(F2),สำนักปลัดกระทรวง กระทรวงสาธารณสุข,Re-acc. ครั้งที่ 1,2568,,,,,,,,,,,,,
10785,โรงพยาบาล,โพธิ์ทอง,ต่ออายุ,อ่างทอง   ,ภาคกลาง,ภาครัฐ-ชุมชน ,รพช.(F1),สำนักปลัดกระทรวง กระทรวงสาธารณสุข,Re-acc. ครั้งที่ 1,2568,,,,,,,,,,,,,
10786,โรงพยาบาล,แสวงหา,ต่ออายุ,อ่างทอง   ,ภาคกลาง,ภาครัฐ-ชุมชน ,รพช.(F2),สำนักปลัดกระทรวง กระทรวงสาธารณสุข,Re-acc. ครั้งที่ 1,2568,,,,,,,,,,,,,
10787,โรงพยาบาล,วิเศษชัยชาญ,ต่ออายุ,อ่างทอง   ,ภาคกลาง,ภาครัฐ-ชุมชน ,รพช.(F1),สำนักปลัดกระทรวง กระทรวงสาธารณสุข,Re-acc. ครั้งที่ 1,2568,,,,,,,,,,,,,
10789,โรงพยาบาล,พัฒนานิคม,ต่ออายุ,ลพบุรี   ,ภาคกลาง,ภาครัฐ-ชุมชน ,รพช.(F1),สำนักปลัดกระทรวง กระทรวงสาธารณสุข,Re-acc. ครั้งที่ 2,2568,,,,,,,,,,,,,
10790,โรงพยาบาล,โคกสำโรง,ต่ออายุ,ลพบุรี   ,ภาคกลาง,ภาครัฐ-ชุมชน ,รพช.(M2),สำนักปลัดกระทรวง กระทรวงสาธารณสุข,Re-acc. ครั้งที่ 4,2568,,,,,,,,,,,,,
10791,โรงพยาบาล,ชัยบาดาล,ต่ออายุ,ลพบุรี   ,ภาคกลาง,ภาครัฐ-ชุมชน ,รพช.(M2),สำนักปลัดกระทรวง กระทรวงสาธารณสุข,Re-acc. ครั้งที่ 1,2568,,,,,,,,,,,,,
10792,โรงพยาบาล,ท่าวุ้ง,ต่ออายุ,ลพบุรี   ,ภาคกลาง,ภาครัฐ-ชุมชน ,รพช.(F2),สำนักปลัดกระทรวง กระทรวงสาธารณสุข,Re-acc. ครั้งที่ 4,2568,,,,,,,,,,,,,
10793,โรงพยาบาล,ท่าหลวง,ต่ออายุ,ลพบุรี   ,ภาคกลาง,ภาครัฐ-ชุมชน ,รพช.(F2),สำนักปลัดกระทรวง กระทรวงสาธารณสุข,Re-acc. ครั้งที่ 2,2568,,,,,,,,,,,,,
10794,โรงพยาบาล,สระโบสถ์,ต่ออายุ,ลพบุรี   ,ภาคกลาง,ภาครัฐ-ชุมชน ,รพช.(F2),สำนักปลัดกระทรวง กระทรวงสาธารณสุข,Re-acc. ครั้งที่ 3,2568,,,,,,,,,,,,,
10795,โรงพยาบาล,โคกเจริญ,ต่ออายุ,ลพบุรี   ,ภาคกลาง,ภาครัฐ-ชุมชน ,รพช.(F2),สำนักปลัดกระทรวง กระทรวงสาธารณสุข,Re-acc. ครั้งที่ 1,2568,,,,,,,,,,,,,
10797,โรงพยาบาล,หนองม่วง,ต่ออายุ,ลพบุรี   ,ภาคกลาง,ภาครัฐ-ชุมชน ,รพช.(F1),สำนักปลัดกระทรวง กระทรวงสาธารณสุข,Re-acc. ครั้งที่ 4,2568,,,,,,,,,,,,,
10798,โรงพยาบาล,บางระจัน,ต่ออายุ,สิงห์บุรี   ,ภาคกลาง,ภาครัฐ-ชุมชน ,รพช.(F2),สำนักปลัดกระทรวง กระทรวงสาธารณสุข,Re-acc. ครั้งที่ 1,2568,,,,,,,,,,,,,
10800,โรงพยาบาล,พรหมบุรี,ต่ออายุ,สิงห์บุรี   ,ภาคกลาง,ภาครัฐ-ชุมชน ,รพช.(F2),สำนักปลัดกระทรวง กระทรวงสาธารณสุข,Re-acc. ครั้งที่ 1,2568,,,,,,,,,,,,,
10801,โรงพยาบาล,ท่าช้าง,ต่ออายุ,สิงห์บุรี   ,ภาคกลาง,ภาครัฐ-ชุมชน ,รพช.(F2),สำนักปลัดกระทรวง กระทรวงสาธารณสุข,Re-acc. ครั้งที่ 2,2568,,,,,,,,,,,,,
10807,โรงพยาบาล,แก่งคอย,ต่ออายุ,สระบุรี,ภาคกลาง,ภาครัฐ-ชุมชน ,รพช.(F1),สำนักปลัดกระทรวง กระทรวงสาธารณสุข,Re-acc. ครั้งที่ 5,2568,,,,,,,,,,,,,
10808,โรงพยาบาล,หนองแค,ต่ออายุ,สระบุรี,ภาคกลาง,ภาครัฐ-ชุมชน ,รพช.(F2),สำนักปลัดกระทรวง กระทรวงสาธารณสุข,Re-acc. ครั้งที่ 1,2568,,,,,,,,,,,,,
10809,โรงพยาบาล,วิหารแดง,ต่ออายุ,สระบุรี,ภาคกลาง,ภาครัฐ-ชุมชน ,รพช.(F3),สำนักปลัดกระทรวง กระทรวงสาธารณสุข,Re-acc. ครั้งที่ 3,2568,,,,,,,,,,,,,
10810,โรงพยาบาล,หนองแซง,ต่ออายุ,สระบุรี,ภาคกลาง,ภาครัฐ-ชุมชน ,รพช.(F2),สำนักปลัดกระทรวง กระทรวงสาธารณสุข,Re-acc. ครั้งที่ 3,2568,,,,,,,,,,,,,
10811,โรงพยาบาล,บ้านหมอ,ต่ออายุ,สระบุรี,ภาคกลาง,ภาครัฐ-ชุมชน ,รพช.(F2),สำนักปลัดกระทรวง กระทรวงสาธารณสุข,Re-acc. ครั้งที่ 4,2568,,,,,,,,,,,,,
10812,โรงพยาบาล,ดอนพุด,ต่ออายุ,สระบุรี,ภาคกลาง,ภาครัฐ-ชุมชน ,รพช.(F3),สำนักปลัดกระทรวง กระทรวงสาธารณสุข,Re-acc. ครั้งที่ 3,2568,,,,,,,,,,,,,
10813,โรงพยาบาล,หนองโดน,ต่ออายุ,สระบุรี,ภาคกลาง,ภาครัฐ-ตติยภูมิ ,สถาบันเฉพาะทาง,สำนักปลัดกระทรวง กระทรวงสาธารณสุข,Re-acc. ครั้งที่ 1,2568,,,,,,,,,,,,,
10814,โรงพยาบาล,เสาไห้เฉลิมพระเกียรติ ๘๐ พรรษา,ต่ออายุ,สระบุรี,ภาคกลาง,ภาครัฐ-ชุมชน ,รพช.(F2),สำนักปลัดกระทรวง กระทรวงสาธารณสุข,Re-acc. ครั้งที่ 6,2568,,,,,,,,,,,,,
10815,โรงพยาบาล,มวกเหล็ก,ต่ออายุ,สระบุรี,ภาคกลาง,ภาครัฐ-ชุมชน ,รพช.(F2),สำนักปลัดกระทรวง กระทรวงสาธารณสุข,Re-acc. ครั้งที่ 3,2568,,,,,,,,,,,,,
10816,โรงพยาบาล,วังม่วงสัทธรรม,ต่ออายุ,สระบุรี,ภาคกลาง,ภาครัฐ-ชุมชน ,รพช.(F2),สำนักปลัดกระทรวง กระทรวงสาธารณสุข,Re-acc. ครั้งที่ 3,2568,,,,,,,,,,,,,
10864,โรงพยาบาล,บ้านนา,ต่ออายุ,นครนายก   ,ภาคกลาง,ภาครัฐ-ชุมชน ,รพช.(F1),สำนักปลัดกระทรวง กระทรวงสาธารณสุข,Re-acc. ครั้งที่ 4,2568,,,,,,,,,,,,,
10865,โรงพยาบาล,องครักษ์,ต่ออายุ,นครนายก   ,ภาคกลาง,ภาครัฐ-ชุมชน ,รพช.(F2),สำนักปลัดกระทรวง กระทรวงสาธารณสุข,Re-acc. ครั้งที่ 4,2568,,,,,,,,,,,,,
11484,โรงพยาบาล,อานันทมหิดล ,ต่ออายุ,ลพบุรี   ,ภาคกลาง,ภาครัฐ-ทั่วไป,รพท.(M1),กรมแพทย์ทหารบก กระทรวงกลาโหม,Re-acc. ครั้งที่ 5,2568,,,,,,,,,,,,,
11485,โรงพยาบาล,ค่ายอดิศร,ต่ออายุ,สระบุรี,ภาคกลาง,ภาครัฐ-ชุมชน ,รพช.(F2),กรมแพทย์ทหารบก กระทรวงกลาโหม,Re-acc. ครั้งที่ 1,2568,,,,,,,,,,,,,
11491,โรงพยาบาล,โรงเรียนนายร้อยพระจุลจอมเกล้า,ต่ออายุ,นครนายก   ,ภาคกลาง,ภาครัฐ-ชุมชน ,รพช.(F2),กรมแพทย์ทหารบก กระทรวงกลาโหม,Re-acc. ครั้งที่ 2,2568,,,,,,,,,,,,,
11781,โรงพยาบาล,ทั่วไปขนาดใหญ่นนทเวช,N/A,นนทบุรี,ภาคกลาง,ภาคเอกชน,ภาคเอกชน,เอกชน-profit (จัดตั้งโดยบริษัท),ได้รับการต่ออายุการรับรองกระบวนการคุณภาพ ครั้งที่ 5,2568,,,,,,,,,,,,,
11789,โรงพยาบาล,แพทย์รังสิต  ,ต่ออายุ,ปทุมธานี   ,ภาคกลาง,ภาคเอกชน,เอกชนระดับเทียบเท่า รพท.,เอกชน,Re-acc. ครั้งที่ 2,2568,,,,,,,,,,,,,
11800,โรงพยาบาล,ปทุมเวช,สมัครใหม่,ปทุมธานี   ,ภาคกลาง,ภาคเอกชน,เอกชนระดับเทียบเท่า รพท.,เอกชน,Re-acc. ครั้งที่ 2,2568,,,,,,,,,,,,,
11806,โรงพยาบาล,ราชธานี,N/A,พระนครศรีอยุธยา,ภาคกลาง,ภาคเอกชน,ภาคเอกชน,เอกชน-profit (จัดตั้งโดยบริษัท),ได้รับการต่ออายุการรับรองกระบวนการคุณภาพ ครั้งที่ 3,2568,,,,,,,,,,,,,
11835,โรงพยาบาล,มิตรภาพเมโมเรียล สระบุรี,ต่ออายุ,สระบุรี,ภาคกลาง,ภาคเอกชน,เอกชนระดับเทียบเท่า รพท.,เอกชน,ขั้น 2,2568,,,,,,,,,,,,,
12256,N/A,สถาบันโรคทรวงอก,ต่ออายุ,นนทบุรี   ,ภาคกลาง,ภาครัฐ-Advance (มีการเรียนการสอน) ,รพ.รร.แพทย์ มีการเรียน-สอนบางสาขา,กรมการแพทย์ กระทรวงสาธารณสุข,Re-acc. ครั้งที่ 4,2568,,,,,,,,,,,,,
12257,N/A,สถาบันบำราศนราดูร,ต่ออายุ,นนทบุรี   ,ภาคกลาง,ภาครัฐ-ตติยภูมิ ,สถาบันเฉพาะทาง,กรมควบคุมโรค กระทรวงสาธารณสุข,Re-acc. ครั้งที่ 4,2568,,,,,,,,,,,,,
12260,โรงพยาบาล,ศรีธัญญา,ต่ออายุ,นนทบุรี   ,ภาคกลาง,ภาครัฐ-ตติยภูมิ ,สถาบันเฉพาะทาง,กรมสุขภาพจิต กระทรวงสาธารณสุข,Re-acc. ครั้งที่ 2,2568,,,,,,,,,,,,,
12261,N/A,สถาบันทันตกรรม,ต่ออายุ,นนทบุรี   ,ภาคกลาง,ภาครัฐ-ตติยภูมิ ,สถาบันเฉพาะทาง,กรมการแพทย์ กระทรวงสาธารณสุข,ขั้น 3 (Accreditation),2568,,,,,,,,,,,,,
12262,N/A,สถาบันบำบัดรักษาและฟื้นฟูผู้ติดยาเสพติดแห่งชาติบรมราชชนนี,ต่ออายุ,ปทุมธานี   ,ภาคกลาง,ภาครัฐ-ตติยภูมิ ,สถาบันเฉพาะทาง,กรมการแพทย์ กระทรวงสาธารณสุข,Re-acc. ครั้งที่ 5,2568,,,,,,,,,,,,,
13778,โรงพยาบาล,ธรรมศาสตร์เฉลิมพระเกียรติ,ต่ออายุ,ปทุมธานี   ,ภาคกลาง,ภาครัฐ-Advance (มีการเรียนการสอน) ,รพ.รร.แพทย์ มีการเรียน-สอนครบทุกสาขา,มหาวิทยาลัย กระทรวงการอุดมศึกษา วิทยาศาสตร์ วิจัยและนวัตกรรม,Advanced HA,2568,,,,,,,,,,,,,
13815,N/A,ศูนย์การแพทย์ปัญญานันทภิกขุ ชลประทาน มหาวิทยาลัยศรีนครินทรวิโรฒ,ต่ออายุ,นนทบุรี   ,ภาคกลาง,ภาครัฐ-Advance (มีการเรียนการสอน) ,รพ.รร.แพทย์ มีการเรียน-สอนบางสาขา,มหาวิทยาลัย กระทรวงการอุดมศึกษา วิทยาศาสตร์ วิจัยและนวัตกรรม,Re-acc. ครั้งที่ 3,2568,,,,,,,,,,,,,
14199,โรงพยาบาล,มะเร็งลพบุรี,ต่ออายุ,ลพบุรี   ,ภาคกลาง,ภาครัฐ-ตติยภูมิ ,สถาบันเฉพาะทาง,กรมการแพทย์ กระทรวงสาธารณสุข,Re-acc. ครั้งที่ 3,2568,,,,,,,,,,,,,
14354,โรงพยาบาล,ภัทร-ธนบุรี,สมัครใหม่,ปทุมธานี   ,ภาคกลาง,ภาคเอกชน,เอกชนระดับเทียบเท่า รพท.,เอกชน,ขั้น 2,2568,,,,,,,,,,,,,
14904,โรงพยาบาล,ศูนย์การแพทย์สมเด็จพระเทพรัตนราชสุดาฯ,ต่ออายุ,นครนายก   ,ภาคกลาง,ภาครัฐ-Advance (มีการเรียนการสอน) ,รพ.รร.แพทย์ มีการเรียน-สอนครบทุกสาขา,มหาวิทยาลัย กระทรวงการอุดมศึกษา วิทยาศาสตร์ วิจัยและนวัตกรรม,Re-acc. ครั้งที่ 3,2568,,,,,,,,,,,,,
14923,โรงพยาบาล,มหาวชิราลงกรณธัญบุรี ,ต่ออายุ,ปทุมธานี   ,ภาคกลาง,ภาครัฐ-ตติยภูมิ ,สถาบันเฉพาะทาง,กรมการแพทย์ กระทรวงสาธารณสุข,Re-acc. ครั้งที่ 4,2568,,,,,,,,,,,,,
24681,N/A,ราชธานี โรจนะ,N/A,พระนครศรีอยุธยา,ภาคกลาง,ภาคเอกชน,ภาคเอกชน,เอกชน-profit (จัดตั้งโดยบริษัท),ได้รับการรับรองกระบวนการคุณภาพ ครั้งแรก,2568,,,,,,,,,,,,,
39977,โรงพยาบาล,ซีจีเอช ลำลูกกา,สมัครใหม่,ปทุมธานี   ,ภาคกลาง,ภาคเอกชน,เอกชนระดับเทียบเท่า รพท.,เอกชน,ยังไม่เคยเข้าสู่กระบวนการรับรอง,2568,,,,,,,,,,,,,
40765,โรงพยาบาล,เกษมราษฎร์ รัตนาธิเบศร์,ต่ออายุ,นนทบุรี   ,ภาคกลาง,ภาคเอกชน,เอกชนระดับเทียบเท่า รพท.,เอกชน,ขั้น 3 (Accreditation),2568,,,,,,,,,,,,,
41768,โรงพยาบาล,ศูนย์บริการการแพทย์นนทบุรี,ต่ออายุ,นนทบุรี   ,ภาคกลาง,ภาครัฐ-ชุมชน ,รพช.(F3),สำนักปลัดกระทรวง กระทรวงสาธารณสุข,ยังไม่เคยเข้าสู่กระบวนการรับรอง,2568,,,,,,,,,,,,,
42233,โรงพยาบาล,เอเชียอินเตอร์เนชั่นแนล,ต่ออายุ,พระนครศรีอยุธยา   ,ภาคกลาง,ภาคเอกชน,เอกชนระดับเทียบเท่า รพท.,เอกชน,ขั้น 1,2568,,,,,,,,,,,,,
10677,โรงพยาบาล,ราชบุรี,ต่ออายุ,ราชบุรี   ,ภาคตะวันตก,ภาครัฐ-Advance (มีการเรียนการสอน) ,รพศ.(A) มีการเรียน-สอนครบทุกสาขา,สำนักปลัดกระทรวง กระทรวงสาธารณสุข,Re-acc. ครั้งที่ 3,2568,,,,,,,,,,,,,
10678,โรงพยาบาล,เจ้าพระยายมราช,ต่ออายุ,สุพรรณบุรี   ,ภาคกลาง,ภาครัฐ-ตติยภูมิ ,รพศ.(A),สำนักปลัดกระทรวง กระทรวงสาธารณสุข,Re-acc. ครั้งที่ 4,2568,,,,,,,,,,,,,
10679,โรงพยาบาล,นครปฐม,ต่ออายุ,นครปฐม   ,ภาคกลาง,ภาครัฐ-ตติยภูมิ ,รพศ.(A),สำนักปลัดกระทรวง กระทรวงสาธารณสุข,Re-acc. ครั้งที่ 3,2568,,,,,,,,,,,,,
10728,โรงพยาบาล,ดำเนินสะดวก,ต่ออายุ,ราชบุรี   ,ภาคตะวันตก,ภาครัฐ-ทั่วไป,รพท.(M1),สำนักปลัดกระทรวง กระทรวงสาธารณสุข,Re-acc. ครั้งที่ 2,2568,,,,,,,,,,,,,
10729,โรงพยาบาล,บ้านโป่ง,ต่ออายุ,ราชบุรี   ,ภาคตะวันตก,ภาครัฐ-ทั่วไป,รพท.(S),สำนักปลัดกระทรวง กระทรวงสาธารณสุข,Re-acc. ครั้งที่ 2,2568,,,,,,,,,,,,,
10730,โรงพยาบาล,โพธาราม,ต่ออายุ,ราชบุรี   ,ภาคตะวันตก,ภาครัฐ-ทั่วไป,รพท.(M1),สำนักปลัดกระทรวง กระทรวงสาธารณสุข,Re-acc. ครั้งที่ 4,2568,,,,,,,,,,,,,
10731,โรงพยาบาล,พหลพลพยุหเสนา,ต่ออายุ,กาญจนบุรี   ,ภาคตะวันตก,ภาครัฐ-ทั่วไป,รพท.(S),สำนักปลัดกระทรวง กระทรวงสาธารณสุข,Re-acc. ครั้งที่ 3,2568,,,,,,,,,,,,,
10732,โรงพยาบาล,มะการักษ์,ต่ออายุ,กาญจนบุรี   ,ภาคตะวันตก,ภาครัฐ-ทั่วไป,รพท.(M1),สำนักปลัดกระทรวง กระทรวงสาธารณสุข,Re-acc. ครั้งที่ 3,2568,,,,,,,,,,,,,
10733,โรงพยาบาล,สมเด็จพระสังฆราชองค์ที่ 17,ต่ออายุ,สุพรรณบุรี   ,ภาคกลาง,ภาครัฐ-ทั่วไป,รพท.(M1),สำนักปลัดกระทรวง กระทรวงสาธารณสุข,Re-acc. ครั้งที่ 3,2568,,,,,,,,,,,,,
10734,โรงพยาบาล,สมุทรสาคร,ต่ออายุ,สมุทรสาคร   ,ภาคกลาง,ภาครัฐ-ตติยภูมิ ,รพศ.(A),สำนักปลัดกระทรวง กระทรวงสาธารณสุข,Re-acc. ครั้งที่ 4,2568,,,,,,,,,,,,,
10735,โรงพยาบาล,สมเด็จพระพุทธเลิศหล้า,ต่ออายุ,สมุทรสงคราม   ,ภาคกลาง,ภาครัฐ-ทั่วไป,รพท.(S),สำนักปลัดกระทรวง กระทรวงสาธารณสุข,Re-acc. ครั้งที่ 3,2568,,,,,,,,,,,,,
10736,โรงพยาบาล,พระจอมเกล้า,ต่ออายุ,เพชรบุรี   ,ภาคตะวันตก,ภาครัฐ-ทั่วไป,รพท.(S),สำนักปลัดกระทรวง กระทรวงสาธารณสุข,Re-acc. ครั้งที่ 4,2568,,,,,,,,,,,,,
10737,โรงพยาบาล,ประจวบคีรีขันธ์,ต่ออายุ,ประจวบคีรีขันธ์   ,ภาคตะวันตก,ภาครัฐ-ทั่วไป,รพท.(S),สำนักปลัดกระทรวง กระทรวงสาธารณสุข,Re-acc. ครั้งที่ 4,2568,,,,,,,,,,,,,
11273,โรงพยาบาล,สวนผึ้ง,ต่ออายุ,ราชบุรี   ,ภาคตะวันตก,ภาครัฐ-ชุมชน ,รพช.(F2),สำนักปลัดกระทรวง กระทรวงสาธารณสุข,Re-acc. ครั้งที่ 3,2568,,,,,,,,,,,,,
11274,โรงพยาบาล,บางแพ,ต่ออายุ,ราชบุรี   ,ภาคตะวันตก,ภาครัฐ-ชุมชน ,รพช.(F1),สำนักปลัดกระทรวง กระทรวงสาธารณสุข,Re-acc. ครั้งที่ 3,2568,,,,,,,,,,,,,
11276,โรงพยาบาล,ปากท่อ,ต่ออายุ,ราชบุรี   ,ภาคตะวันตก,ภาครัฐ-ชุมชน ,รพช.(F2),สำนักปลัดกระทรวง กระทรวงสาธารณสุข,Re-acc. ครั้งที่ 2,2568,,,,,,,,,,,,,
11278,โรงพยาบาล,ไทรโยค,ต่ออายุ,กาญจนบุรี   ,ภาคตะวันตก,ภาครัฐ-ชุมชน ,รพช.(F2),สำนักปลัดกระทรวง กระทรวงสาธารณสุข,Re-acc. ครั้งที่ 1,2568,,,,,,,,,,,,,
11279,โรงพยาบาล,สมเด็จพระปิยมหาราชรมณียเขต,ต่ออายุ,กาญจนบุรี   ,ภาคตะวันตก,ภาครัฐ-ชุมชน ,รพช.(F2),สำนักปลัดกระทรวง กระทรวงสาธารณสุข,Re-acc. ครั้งที่ 1,2568,,,,,,,,,,,,,
11280,โรงพยาบาล,บ่อพลอย,ต่ออายุ,กาญจนบุรี   ,ภาคตะวันตก,ภาครัฐ-ชุมชน ,รพช.(F1),สำนักปลัดกระทรวง กระทรวงสาธารณสุข,Re-acc. ครั้งที่ 4,2568,,,,,,,,,,,,,
11281,โรงพยาบาล,ท่ากระดาน,ต่ออายุ,กาญจนบุรี   ,ภาคตะวันตก,ภาครัฐ-ชุมชน ,รพช.(F2),สำนักปลัดกระทรวง กระทรวงสาธารณสุข,Re-acc. ครั้งที่ 2,2568,,,,,,,,,,,,,
11282,โรงพยาบาล,สมเด็จพระสังฆราชองค์ที่ ๑๙,ต่ออายุ,กาญจนบุรี   ,ภาคตะวันตก,ภาครัฐ-ชุมชน ,รพช.(M2),สำนักปลัดกระทรวง กระทรวงสาธารณสุข,Re-acc. ครั้งที่ 4,2568,,,,,,,,,,,,,
11283,โรงพยาบาล,ทองผาภูมิ,ต่ออายุ,กาญจนบุรี   ,ภาคตะวันตก,ภาครัฐ-ชุมชน ,รพช.(M2),สำนักปลัดกระทรวง กระทรวงสาธารณสุข,Re-acc. ครั้งที่ 2,2568,,,,,,,,,,,,,
11284,โรงพยาบาล,สังขละบุรี,ต่ออายุ,กาญจนบุรี   ,ภาคตะวันตก,ภาครัฐ-ชุมชน ,รพช.(F1),สำนักปลัดกระทรวง กระทรวงสาธารณสุข,Re-acc. ครั้งที่ 2,2568,,,,,,,,,,,,,
11285,โรงพยาบาล,เจ้าคุณไพบูลย์พนมทวน,ต่ออายุ,กาญจนบุรี   ,ภาคตะวันตก,ภาครัฐ-ชุมชน ,รพช.(F2),สำนักปลัดกระทรวง กระทรวงสาธารณสุข,Re-acc. ครั้งที่ 3,2568,,,,,,,,,,,,,
11286,โรงพยาบาล,เลาขวัญ,ต่ออายุ,กาญจนบุรี   ,ภาคตะวันตก,ภาครัฐ-ชุมชน ,รพช.(F2),สำนักปลัดกระทรวง กระทรวงสาธารณสุข,Re-acc. ครั้งที่ 2,2568,,,,,,,,,,,,,
11287,โรงพยาบาล,ด่านมะขามเตี้ย,ต่ออายุ,กาญจนบุรี   ,ภาคตะวันตก,ภาครัฐ-ชุมชน ,รพช.(F2),สำนักปลัดกระทรวง กระทรวงสาธารณสุข,Re-acc. ครั้งที่ 2,2568,,,,,,,,,,,,,
11288,โรงพยาบาล,พยาบาลสถานพระบารมี,ต่ออายุ,กาญจนบุรี   ,ภาคตะวันตก,ภาครัฐ-ชุมชน ,รพช.(F2),สำนักปลัดกระทรวง กระทรวงสาธารณสุข,Re-acc. ครั้งที่ 2,2568,,,,,,,,,,,,,
11289,โรงพยาบาล,เดิมบางนางบวช,ต่ออายุ,สุพรรณบุรี   ,ภาคกลาง,ภาครัฐ-ชุมชน ,รพช.(F1),สำนักปลัดกระทรวง กระทรวงสาธารณสุข,Re-acc. ครั้งที่ 2,2568,,,,,,,,,,,,,
11290,โรงพยาบาล,ด่านช้าง,ต่ออายุ,สุพรรณบุรี   ,ภาคกลาง,ภาครัฐ-ชุมชน ,รพช.(M2),สำนักปลัดกระทรวง กระทรวงสาธารณสุข,Re-acc. ครั้งที่ 2,2568,,,,,,,,,,,,,
11291,โรงพยาบาล,บางปลาม้า,ต่ออายุ,สุพรรณบุรี   ,ภาคกลาง,ภาครัฐ-ชุมชน ,รพช.(F2),สำนักปลัดกระทรวง กระทรวงสาธารณสุข,Re-acc. ครั้งที่ 2,2568,,,,,,,,,,,,,
11292,โรงพยาบาล,ศรีประจันต์,ต่ออายุ,สุพรรณบุรี   ,ภาคกลาง,ภาครัฐ-ชุมชน ,รพช.(F1),สำนักปลัดกระทรวง กระทรวงสาธารณสุข,Re-acc. ครั้งที่ 3,2568,,,,,,,,,,,,,
11293,โรงพยาบาล,ดอนเจดีย์,ต่ออายุ,สุพรรณบุรี   ,ภาคกลาง,ภาครัฐ-ชุมชน ,รพช.(F2),สำนักปลัดกระทรวง กระทรวงสาธารณสุข,Re-acc. ครั้งที่ 2,2568,,,,,,,,,,,,,
11294,โรงพยาบาล,สามชุก,ต่ออายุ,สุพรรณบุรี   ,ภาคกลาง,ภาครัฐ-ชุมชน ,รพช.(F1),สำนักปลัดกระทรวง กระทรวงสาธารณสุข,Re-acc. ครั้งที่ 3,2568,,,,,,,,,,,,,
11295,โรงพยาบาล,อู่ทอง,ต่ออายุ,สุพรรณบุรี   ,ภาคกลาง,ภาครัฐ-ชุมชน ,รพช.(M2),สำนักปลัดกระทรวง กระทรวงสาธารณสุข,Re-acc. ครั้งที่ 4,2568,,,,,,,,,,,,,
11296,โรงพยาบาล,หนองหญ้าไซ,ต่ออายุ,สุพรรณบุรี   ,ภาคกลาง,ภาครัฐ-ชุมชน ,รพช.(F2),สำนักปลัดกระทรวง กระทรวงสาธารณสุข,Re-acc. ครั้งที่ 1,2568,,,,,,,,,,,,,
11297,โรงพยาบาล,กำแพงแสน,ต่ออายุ,นครปฐม   ,ภาคกลาง,ภาครัฐ-ชุมชน ,รพช.(M2),สำนักปลัดกระทรวง กระทรวงสาธารณสุข,Re-acc. ครั้งที่ 1,2568,,,,,,,,,,,,,
11298,โรงพยาบาล,นครชัยศรี,ต่ออายุ,นครปฐม   ,ภาคกลาง,ภาครัฐ-ชุมชน ,รพช.(F2),สำนักปลัดกระทรวง กระทรวงสาธารณสุข,Re-acc. ครั้งที่ 1,2568,,,,,,,,,,,,,
11300,โรงพยาบาล,ดอนตูม,ต่ออายุ,นครปฐม   ,ภาคกลาง,ภาครัฐ-ชุมชน ,รพช.(F2),สำนักปลัดกระทรวง กระทรวงสาธารณสุข,ขั้น 3 (Accreditation),2568,,,,,,,,,,,,,
11302,โรงพยาบาล,สามพราน,ต่ออายุ,นครปฐม   ,ภาคกลาง,ภาครัฐ-ชุมชน ,รพช.(M2),สำนักปลัดกระทรวง กระทรวงสาธารณสุข,Re-acc. ครั้งที่ 1,2568,,,,,,,,,,,,,
11303,โรงพยาบาล,พุทธมณฑล,ต่ออายุ,นครปฐม   ,ภาคกลาง,ภาครัฐ-ชุมชน ,รพช.(F2),สำนักปลัดกระทรวง กระทรวงสาธารณสุข,Re-acc. ครั้งที่ 3,2568,,,,,,,,,,,,,
11304,โรงพยาบาล,กระทุ่มแบน,ต่ออายุ,สมุทรสาคร   ,ภาคกลาง,ภาครัฐ-ทั่วไป,รพท.(S),สำนักปลัดกระทรวง กระทรวงสาธารณสุข,Re-acc. ครั้งที่ 2,2568,,,,,,,,,,,,,
11305,โรงพยาบาล,บ้านแพ้ว,ต่ออายุ,สมุทรสาคร   ,ภาคกลาง,ภาครัฐ-ทั่วไป,รพท.(S),กระทรวงสาธารณสุข,Re-acc. ครั้งที่ 4,2568,,,,,,,,,,,,,
11308,โรงพยาบาล,เขาย้อย,ต่ออายุ,เพชรบุรี   ,ภาคตะวันตก,ภาครัฐ-ชุมชน ,รพช.(F1),สำนักปลัดกระทรวง กระทรวงสาธารณสุข,Re-acc. ครั้งที่ 2,2568,,,,,,,,,,,,,
11309,โรงพยาบาล,หนองหญ้าปล้อง,ต่ออายุ,เพชรบุรี   ,ภาคตะวันตก,ภาครัฐ-ชุมชน ,รพช.(F2),สำนักปลัดกระทรวง กระทรวงสาธารณสุข,Re-acc. ครั้งที่ 2,2568,,,,,,,,,,,,,
11310,โรงพยาบาล,ชะอำ,ต่ออายุ,เพชรบุรี   ,ภาคตะวันตก,ภาครัฐ-ชุมชน ,รพช.(M2),สำนักปลัดกระทรวง กระทรวงสาธารณสุข,Re-acc. ครั้งที่ 1,2568,,,,,,,,,,,,,
11311,โรงพยาบาล,ท่ายาง,ต่ออายุ,เพชรบุรี   ,ภาคตะวันตก,ภาครัฐ-ชุมชน ,รพช.(M2),สำนักปลัดกระทรวง กระทรวงสาธารณสุข,Re-acc. ครั้งที่ 3,2568,,,,,,,,,,,,,
11312,โรงพยาบาล,บ้านลาด,ต่ออายุ,เพชรบุรี   ,ภาคตะวันตก,ภาครัฐ-ชุมชน ,รพช.(F2),สำนักปลัดกระทรวง กระทรวงสาธารณสุข,Re-acc. ครั้งที่ 4,2568,,,,,,,,,,,,,
11313,โรงพยาบาล,บ้านแหลม,ต่ออายุ,เพชรบุรี   ,ภาคตะวันตก,ภาครัฐ-ชุมชน ,รพช.(F2),สำนักปลัดกระทรวง กระทรวงสาธารณสุข,Re-acc. ครั้งที่ 1,2568,,,,,,,,,,,,,
11314,โรงพยาบาล,แก่งกระจาน,ต่ออายุ,เพชรบุรี   ,ภาคตะวันตก,ภาครัฐ-ชุมชน ,รพช.(F2),สำนักปลัดกระทรวง กระทรวงสาธารณสุข,Re-acc. ครั้งที่ 1,2568,,,,,,,,,,,,,
11315,โรงพยาบาล,กุยบุรี,ต่ออายุ,ประจวบคีรีขันธ์   ,ภาคตะวันตก,ภาครัฐ-ชุมชน ,รพช.(F2),สำนักปลัดกระทรวง กระทรวงสาธารณสุข,ขั้น 2,2568,,,,,,,,,,,,,
11316,โรงพยาบาล,ทับสะแก,ต่ออายุ,ประจวบคีรีขันธ์   ,ภาคตะวันตก,ภาครัฐ-ชุมชน ,รพช.(F2),สำนักปลัดกระทรวง กระทรวงสาธารณสุข,Re-acc. ครั้งที่ 3,2568,,,,,,,,,,,,,
11318,โรงพยาบาล,บางสะพานน้อย,ต่ออายุ,ประจวบคีรีขันธ์   ,ภาคตะวันตก,ภาครัฐ-ชุมชน ,รพช.(F2),สำนักปลัดกระทรวง กระทรวงสาธารณสุข,ขั้น 3 (Accreditation),2568,,,,,,,,,,,,,
11319,โรงพยาบาล,ปราณบุรี,ต่ออายุ,ประจวบคีรีขันธ์   ,ภาคตะวันตก,ภาครัฐ-ชุมชน ,รพช.(F1),สำนักปลัดกระทรวง กระทรวงสาธารณสุข,Re-acc. ครั้งที่ 1,2568,,,,,,,,,,,,,
11320,โรงพยาบาล,หัวหิน,ต่ออายุ,ประจวบคีรีขันธ์   ,ภาคตะวันตก,ภาครัฐ-ทั่วไป,รพท.(S),สำนักปลัดกระทรวง กระทรวงสาธารณสุข,Re-acc. ครั้งที่ 3,2568,,,,,,,,,,,,,
11321,โรงพยาบาล,สามร้อยยอด,ต่ออายุ,ประจวบคีรีขันธ์   ,ภาคตะวันตก,ภาครัฐ-ชุมชน ,รพช.(F1),สำนักปลัดกระทรวง กระทรวงสาธารณสุข,Re-acc. ครั้งที่ 2,2568,,,,,,,,,,,,,
11458,โรงพยาบาล,สมเด็จพระยุพราชจอมบึง,ต่ออายุ,ราชบุรี   ,ภาคตะวันตก,ภาครัฐ-ชุมชน ,รพช.(M2),สำนักปลัดกระทรวง กระทรวงสาธารณสุข,Re-acc. ครั้งที่ 3,2568,,,,,,,,,,,,,
11473,โรงพยาบาล,เมตตาประชารักษ์ (วัดไร่ขิง),ต่ออายุ,นครปฐม   ,ภาคกลาง,ภาครัฐ-Advance (มีการเรียนการสอน) ,สถาบันเฉพาะทาง มีการเรียน-สอนบางสาขา,กรมการแพทย์ กระทรวงสาธารณสุข,Re-acc. ครั้งที่ 3,2568,,,,,,,,,,,,,
11475,โรงพยาบาล,ค่ายรามราชนิเวศน์,ต่ออายุ,เพชรบุรี   ,ภาคตะวันตก,ภาครัฐ-ชุมชน ,รพช.(M2),กรมแพทย์ทหารบก กระทรวงกลาโหม,Re-acc. ครั้งที่ 1,2568,,,,,,,,,,,,,
11519,โรงพยาบาล,ค่ายภาณุรังษี,ต่ออายุ,ราชบุรี   ,ภาคตะวันตก,ภาครัฐ-ชุมชน ,รพช.(F2),กรมแพทย์ทหารบก กระทรวงกลาโหม,Re-acc. ครั้งที่ 2,2568,,,,,,,,,,,,,
11520,โรงพยาบาล,ค่ายสุรสีห์,ต่ออายุ,กาญจนบุรี   ,ภาคตะวันตก,ภาครัฐ-ชุมชน ,รพช.(F2),กรมแพทย์ทหารบก กระทรวงกลาโหม,Re-acc. ครั้งที่ 3,2568,,,,,,,,,,,,,
11521,โรงพยาบาล,จันทรุเบกษา,สมัครใหม่,นครปฐม   ,ภาคกลาง,ภาครัฐ-ทั่วไป,รพท.(M1),กรมแพทย์ทหารอากาศ กระทรวงกลาโหม,Re-acc. ครั้งที่ 5,2568,,,,,,,,,,,,,
11522,โรงพยาบาล,ค่ายธนะรัชต์,ต่ออายุ,ประจวบคีรีขันธ์   ,ภาคตะวันตก,ภาครัฐ-ทั่วไป,รพท.(S),กรมแพทย์ทหารบก กระทรวงกลาโหม,Re-acc. ครั้งที่ 3,2568,,,,,,,,,,,,,
12103,โรงพยาบาล,ซานคามิลโล,ต่ออายุ,ราชบุรี   ,ภาคตะวันตก,ภาคเอกชน,เอกชนระดับเทียบเท่า รพท.,เอกชน,Re-acc. ครั้งที่ 5,2568,,,,,,,,,,,,,
12119,โรงพยาบาล,ศุภมิตร,สมัครใหม่,สุพรรณบุรี   ,ภาคกลาง,ภาคเอกชน,เอกชนระดับเทียบเท่า รพท.,เอกชน,ขั้น 2,2568,,,,,,,,,,,,,
12126,โรงพยาบาล,กรุงเทพคริสเตียนนครปฐม,ต่ออายุ,นครปฐม   ,ภาคกลาง,ภาคเอกชน,เอกชนระดับเทียบเท่า รพท.,เอกชน,ขั้น 2,2568,,,,,,,,,,,,,
12140,โรงพยาบาล,วิชัยเวช อินเตอร์เนชั่นแนล สมุทรสาคร,ต่ออายุ,สมุทรสาคร   ,ภาคกลาง,ภาคเอกชน,เอกชนระดับเทียบเท่า รพท.,เอกชน,Re-acc. ครั้งที่ 2,2568,,,,,,,,,,,,,
12143,โรงพยาบาล,มหาชัย 2,ต่ออายุ,สมุทรสาคร   ,ภาคกลาง,ภาครัฐ-ทั่วไป,รพ.ระดับเทียบเท่า รพท.,เอกชน,Re-acc. ครั้งที่ 4,2568,,,,,,,,,,,,,
12144,โรงพยาบาล,วิชัยเวช อินเตอร์เนชั่นแนล อ้อมน้อย,ต่ออายุ,สมุทรสาคร   ,ภาคกลาง,ภาครัฐ-ตติยภูมิ ,รพ.ระดับเทียบเท่า รพศ.,เอกชน,Re-acc. ครั้งที่ 3,2568,,,,,,,,,,,,,
12145,โรงพยาบาล,มหาชัยแม่กลอง,ต่ออายุ,สมุทรสงคราม   ,ภาคกลาง,ภาคเอกชน,เอกชนระดับเทียบเท่า รพช.,เอกชน,ยังไม่เคยเข้าสู่กระบวนการรับรอง,2568,,,,,,,,,,,,,
12159,โรงพยาบาล,มหาชัยเพชรรัชต์,ต่ออายุ,เพชรบุรี   ,ภาคตะวันตก,ภาคเอกชน,เอกชนระดับเทียบเท่า รพศ.,เอกชน,ขั้น 3 (Accreditation),2568,,,,,,,,,,,,,
12286,โรงพยาบาล,ส่งเสริมสุขภาพ ศูนย์อนามัยที่ 5,ต่ออายุ,ราชบุรี   ,ภาคตะวันตก,ภาครัฐ-ชุมชน ,รพช.(F2),กรมอนามัย กระทรวงสาธารณสุข,Re-acc. ครั้งที่ 1,2568,,,,,,,,,,,,,
13819,โรงพยาบาล,หลวงพ่อเปิ่น,ต่ออายุ,นครปฐม   ,ภาคกลาง,ภาครัฐ-ชุมชน ,รพช.(F2),สำนักปลัดกระทรวง กระทรวงสาธารณสุข,Re-acc. ครั้งที่ 3,2568,,,,,,,,,,,,,
14617,โรงพยาบาล,ซานเปาโลหัวหิน,ต่ออายุ,ประจวบคีรีขันธ์   ,ภาคตะวันตก,ภาคเอกชน,เอกชนระดับเทียบเท่า รพท.,เอกชน,Re-acc. ครั้งที่ 1,2568,,,,,,,,,,,,,
21948,โรงพยาบาล,ห้วยกระเจาเฉลิมพระเกียรติ ๘๐ พรรษา,ต่ออายุ,กาญจนบุรี   ,ภาคตะวันตก,ภาครัฐ-ชุมชน ,รพช.(F2),สำนักปลัดกระทรวง กระทรวงสาธารณสุข,Re-acc. ครั้งที่ 2,2568,,,,,,,,,,,,,
22952,N/A,ศูนย์การแพทย์กาญจนาภิเษก  มหาวิทยาลัยมหิดล,สมัครใหม่,นครปฐม   ,ภาคกลาง,ภาครัฐ-Advance (มีการเรียนการสอน) ,รพ.รร.แพทย์ มีการเรียน-สอนบางสาขา,มหาวิทยาลัย กระทรวงการอุดมศึกษา วิทยาศาสตร์ วิจัยและนวัตกรรม,Re-acc. ครั้งที่ 2,2568,,,,,,,,,,,,,
41701,โรงพยาบาล,หนองปรือ,ต่ออายุ,กาญจนบุรี   ,ภาคตะวันตก,ภาครัฐ-ชุมชน ,รพช.(F3),สำนักปลัดกระทรวง กระทรวงสาธารณสุข,ขั้น 2,2568,,,,,,,,,,,,,
77496,โรงพยาบาล,ทันตกรรมมหาจักรีสิรินธร คณะทันตแพทยศาสตร์ มหาวิทยาลัยมหิดล,ต่ออายุ,นครปฐม   ,ภาคกลาง,ภาครัฐ-ตติยภูมิ ,สถาบันเฉพาะทาง,มหาวิทยาลัย กระทรวงการอุดมศึกษา วิทยาศาสตร์ วิจัยและนวัตกรรม,ขั้น 2,2568,,,,,,,,,,,,,
10662,โรงพยาบาล,ชลบุรี,ต่ออายุ,ชลบุรี   ,ภาคตะวันออก,ภาครัฐ-Advance (มีการเรียนการสอน) ,รพศ.(A) มีการเรียน-สอนบางสาขา,สำนักปลัดกระทรวง กระทรวงสาธารณสุข,Re-Advanced HA ครั้งที่ 1,2568,,,,,,,,,,,,,
10663,โรงพยาบาล,ระยอง,ต่ออายุ,ระยอง   ,ภาคตะวันออก,ภาครัฐ-ตติยภูมิ ,รพศ.(A),สำนักปลัดกระทรวง กระทรวงสาธารณสุข,Re-acc. ครั้งที่ 5,2568,,,,,,,,,,,,,
10664,โรงพยาบาล,พระปกเกล้า,ต่ออายุ,จันทบุรี   ,ภาคตะวันออก,ภาครัฐ-Advance (มีการเรียนการสอน) ,รพศ.(A) มีการเรียน-สอนครบทุกสาขา,สำนักปลัดกระทรวง กระทรวงสาธารณสุข,Re-acc. ครั้งที่ 5,2568,,,,,,,,,,,,,
10665,โรงพยาบาล,เจ้าพระยาอภัยภูเบศร,ต่ออายุ,ปราจีนบุรี   ,ภาคตะวันออก,ภาครัฐ-Advance (มีการเรียนการสอน) ,รพศ.(A) มีการเรียน-สอนบางสาขา,สำนักปลัดกระทรวง กระทรวงสาธารณสุข,Re-acc. ครั้งที่ 4,2568,,,,,,,,,,,,,
10685,โรงพยาบาล,สมุทรปราการ,สมัครใหม่,สมุทรปราการ   ,ภาคกลาง,ภาครัฐ-ตติยภูมิ ,รพศ.(A),สำนักปลัดกระทรวง กระทรวงสาธารณสุข,Re-acc. ครั้งที่ 3,2568,,,,,,,,,,,,,
10696,โรงพยาบาล,ตราด,ต่ออายุ,ตราด   ,ภาคตะวันออก,ภาครัฐ-ทั่วไป,รพท.(S),สำนักปลัดกระทรวง กระทรวงสาธารณสุข,Re-acc. ครั้งที่ 5,2568,,,,,,,,,,,,,
10697,โรงพยาบาล,พุทธโสธร,ต่ออายุ,ฉะเชิงเทรา   ,ภาคตะวันออก,ภาครัฐ-ตติยภูมิ ,รพศ.(A),สำนักปลัดกระทรวง กระทรวงสาธารณสุข,Re-acc. ครั้งที่ 4,2568,,,,,,,,,,,,,
10699,โรงพยาบาล,สมเด็จพระยุพราชสระแก้ว,ต่ออายุ,สระแก้ว   ,ภาคตะวันออก,ภาครัฐ-ทั่วไป,รพท.(S),สำนักปลัดกระทรวง กระทรวงสาธารณสุข,Re-acc. ครั้งที่ 3,2568,,,,,,,,,,,,,
10753,โรงพยาบาล,บางพลี,ต่ออายุ,สมุทรปราการ   ,ภาคกลาง,ภาครัฐ-ทั่วไป,รพท.(M1),สำนักปลัดกระทรวง กระทรวงสาธารณสุข,Re-acc. ครั้งที่ 3,2568,,,,,,,,,,,,,
10754,โรงพยาบาล,บางจาก,ต่ออายุ,สมุทรปราการ   ,ภาคกลาง,ภาครัฐ-ชุมชน ,รพช.(M2),สำนักปลัดกระทรวง กระทรวงสาธารณสุข,Re-acc. ครั้งที่ 2,2568,,,,,,,,,,,,,
10817,โรงพยาบาล,บ้านบึง,ต่ออายุ,ชลบุรี   ,ภาคตะวันออก,ภาครัฐ-ชุมชน ,รพช.(M2),สำนักปลัดกระทรวง กระทรวงสาธารณสุข,Re-acc. ครั้งที่ 4,2568,,,,,,,,,,,,,
10818,โรงพยาบาล,หนองใหญ่,ต่ออายุ,ชลบุรี   ,ภาคตะวันออก,ภาครัฐ-ชุมชน ,รพช.(F2),สำนักปลัดกระทรวง กระทรวงสาธารณสุข,Re-acc. ครั้งที่ 3,2568,,,,,,,,,,,,,
10819,โรงพยาบาล,บางละมุง,ต่ออายุ,ชลบุรี   ,ภาคตะวันออก,ภาครัฐ-ทั่วไป,รพท.(S),สำนักปลัดกระทรวง กระทรวงสาธารณสุข,ขั้น 3 (Accreditation),2568,,,,,,,,,,,,,
10820,โรงพยาบาล,วัดญาณสังวราราม,ต่ออายุ,ชลบุรี   ,ภาคตะวันออก,ภาครัฐ-ชุมชน ,รพช.(F2),สำนักปลัดกระทรวง กระทรวงสาธารณสุข,Re-acc. ครั้งที่ 2,2568,,,,,,,,,,,,,
10821,โรงพยาบาล,พานทอง,ต่ออายุ,ชลบุรี   ,ภาคตะวันออก,ภาครัฐ-ชุมชน ,รพช.(F1),สำนักปลัดกระทรวง กระทรวงสาธารณสุข,Re-acc. ครั้งที่ 3,2568,,,,,,,,,,,,,
10823,โรงพยาบาล,แหลมฉบัง,ต่ออายุ,ชลบุรี   ,ภาคตะวันออก,ภาครัฐ-ชุมชน ,รพช.(M2),สำนักปลัดกระทรวง กระทรวงสาธารณสุข,Re-acc. ครั้งที่ 1,2568,,,,,,,,,,,,,
10825,โรงพยาบาล,สัตหีบ กม.10,ต่ออายุ,ชลบุรี   ,ภาคตะวันออก,ภาครัฐ-ชุมชน ,รพช.(F1),สำนักปลัดกระทรวง กระทรวงสาธารณสุข,Re-acc. ครั้งที่ 2,2568,,,,,,,,,,,,,
10828,โรงพยาบาล,บ้านฉาง,ต่ออายุ,ระยอง   ,ภาคตะวันออก,ภาครัฐ-ชุมชน ,รพช.(F1),สำนักปลัดกระทรวง กระทรวงสาธารณสุข,Re-acc. ครั้งที่ 3,2568,,,,,,,,,,,,,
10829,โรงพยาบาล,แกลง,ต่ออายุ,ระยอง   ,ภาคตะวันออก,ภาครัฐ-ทั่วไป,รพท.(M1),สำนักปลัดกระทรวง กระทรวงสาธารณสุข,Re-acc. ครั้งที่ 1,2568,,,,,,,,,,,,,
10830,โรงพยาบาล,วังจันทร์,ต่ออายุ,ระยอง   ,ภาคตะวันออก,ภาครัฐ-ชุมชน ,รพช.(F2),สำนักปลัดกระทรวง กระทรวงสาธารณสุข,ขั้น 3 (Accreditation),2568,,,,,,,,,,,,,
10831,โรงพยาบาล,บ้านค่าย,ต่ออายุ,ระยอง   ,ภาคตะวันออก,ภาครัฐ-ชุมชน ,รพช.(F2),สำนักปลัดกระทรวง กระทรวงสาธารณสุข,Re-acc. ครั้งที่ 4,2568,,,,,,,,,,,,,
10832,โรงพยาบาล,ปลวกแดง,ต่ออายุ,ระยอง   ,ภาคตะวันออก,ภาครัฐ-ชุมชน ,รพช.(M2),สำนักปลัดกระทรวง กระทรวงสาธารณสุข,Re-acc. ครั้งที่ 3,2568,,,,,,,,,,,,,
10833,โรงพยาบาล,ท่าตะเกียบ,ต่ออายุ,ฉะเชิงเทรา   ,ภาคตะวันออก,ภาครัฐ-ชุมชน ,รพช.(F2),สำนักปลัดกระทรวง กระทรวงสาธารณสุข,Re-acc. ครั้งที่ 3,2568,,,,,,,,,,,,,
10834,โรงพยาบาล,ขลุง,ต่ออายุ,จันทบุรี   ,ภาคตะวันออก,ภาครัฐ-ชุมชน ,รพช.(F1),สำนักปลัดกระทรวง กระทรวงสาธารณสุข,Re-acc. ครั้งที่ 2,2568,,,,,,,,,,,,,
10835,โรงพยาบาล,ท่าใหม่,ต่ออายุ,จันทบุรี   ,ภาคตะวันออก,ภาครัฐ-ชุมชน ,รพช.(F2),สำนักปลัดกระทรวง กระทรวงสาธารณสุข,Re-acc. ครั้งที่ 2,2568,,,,,,,,,,,,,
10837,โรงพยาบาล,สองพี่น้อง,ต่ออายุ,จันทบุรี   ,ภาคตะวันออก,ภาครัฐ-ชุมชน ,รพช.(F2),สำนักปลัดกระทรวง กระทรวงสาธารณสุข,Re-acc. ครั้งที่ 2,2568,,,,,,,,,,,,,
10838,โรงพยาบาล,โป่งน้ำร้อน,ต่ออายุ,จันทบุรี   ,ภาคตะวันออก,ภาครัฐ-ชุมชน ,รพช.(F1),สำนักปลัดกระทรวง กระทรวงสาธารณสุข,Re-acc. ครั้งที่ 2,2568,,,,,,,,,,,,,
10839,โรงพยาบาล,มะขาม,ต่ออายุ,จันทบุรี   ,ภาคตะวันออก,ภาครัฐ-ชุมชน ,รพช.(F1),สำนักปลัดกระทรวง กระทรวงสาธารณสุข,Re-acc. ครั้งที่ 2,2568,,,,,,,,,,,,,
10840,โรงพยาบาล,แหลมสิงห์,ต่ออายุ,จันทบุรี   ,ภาคตะวันออก,ภาครัฐ-ชุมชน ,รพช.(F2),สำนักปลัดกระทรวง กระทรวงสาธารณสุข,Re-acc. ครั้งที่ 2,2568,,,,,,,,,,,,,
10841,โรงพยาบาล,สอยดาว,ต่ออายุ,จันทบุรี   ,ภาคตะวันออก,ภาครัฐ-ชุมชน ,รพช.(F1),สำนักปลัดกระทรวง กระทรวงสาธารณสุข,Re-acc. ครั้งที่ 3,2568,,,,,,,,,,,,,
10842,โรงพยาบาล,แก่งหางแมว,ต่ออายุ,จันทบุรี   ,ภาคตะวันออก,ภาครัฐ-ชุมชน ,รพช.(F2),สำนักปลัดกระทรวง กระทรวงสาธารณสุข,ขั้น 3 (Accreditation),2568,,,,,,,,,,,,,
10844,โรงพยาบาล,เขาคิชฌกูฏ,ต่ออายุ,จันทบุรี   ,ภาคตะวันออก,ภาครัฐ-ชุมชน ,รพช.(F2),สำนักปลัดกระทรวง กระทรวงสาธารณสุข,Re-acc. ครั้งที่ 2,2568,,,,,,,,,,,,,
10847,โรงพยาบาล,บ่อไร่,ต่ออายุ,ตราด   ,ภาคตะวันออก,ภาครัฐ-ชุมชน ,รพช.(F2),สำนักปลัดกระทรวง กระทรวงสาธารณสุข,Re-acc. ครั้งที่ 3,2568,,,,,,,,,,,,,
10848,โรงพยาบาล,แหลมงอบ,ต่ออายุ,ตราด   ,ภาคตะวันออก,ภาครัฐ-ชุมชน ,รพช.(F2),สำนักปลัดกระทรวง กระทรวงสาธารณสุข,Re-acc. ครั้งที่ 3,2568,,,,,,,,,,,,,
10849,โรงพยาบาล,เกาะกูด,ต่ออายุ,ตราด   ,ภาคตะวันออก,ภาครัฐ-ชุมชน ,รพช.(F3),สำนักปลัดกระทรวง กระทรวงสาธารณสุข,Re-acc. ครั้งที่ 2,2568,,,,,,,,,,,,,
10850,โรงพยาบาล,บางคล้า,ต่ออายุ,ฉะเชิงเทรา   ,ภาคตะวันออก,ภาครัฐ-ชุมชน ,รพช.(F1),สำนักปลัดกระทรวง กระทรวงสาธารณสุข,Re-acc. ครั้งที่ 3,2568,,,,,,,,,,,,,
10851,โรงพยาบาล,บางน้ำเปรี้ยว,ต่ออายุ,ฉะเชิงเทรา   ,ภาคตะวันออก,ภาครัฐ-ชุมชน ,รพช.(F1),สำนักปลัดกระทรวง กระทรวงสาธารณสุข,ขั้น 3 (Accreditation),2568,,,,,,,,,,,,,
10852,โรงพยาบาล,บางปะกง,ต่ออายุ,ฉะเชิงเทรา   ,ภาคตะวันออก,ภาครัฐ-ชุมชน ,รพช.(F1),สำนักปลัดกระทรวง กระทรวงสาธารณสุข,Re-acc. ครั้งที่ 4,2568,,,,,,,,,,,,,
10854,โรงพยาบาล,พนมสารคาม,ต่ออายุ,ฉะเชิงเทรา   ,ภาคตะวันออก,ภาครัฐ-ชุมชน ,รพช.(M2),สำนักปลัดกระทรวง กระทรวงสาธารณสุข,Re-acc. ครั้งที่ 5,2568,,,,,,,,,,,,,
10855,โรงพยาบาล,สนามชัยเขต,ต่ออายุ,ฉะเชิงเทรา   ,ภาคตะวันออก,ภาครัฐ-ชุมชน ,รพช.(M2),สำนักปลัดกระทรวง กระทรวงสาธารณสุข,Re-acc. ครั้งที่ 2,2568,,,,,,,,,,,,,
10856,โรงพยาบาล,แปลงยาว,ต่ออายุ,ฉะเชิงเทรา   ,ภาคตะวันออก,ภาครัฐ-ชุมชน ,รพช.(F2),สำนักปลัดกระทรวง กระทรวงสาธารณสุข,Re-acc. ครั้งที่ 3,2568,,,,,,,,,,,,,
10857,โรงพยาบาล,กบินทร์บุรี,ต่ออายุ,ปราจีนบุรี   ,ภาคตะวันออก,ภาครัฐ-ทั่วไป,รพท.(M1),สำนักปลัดกระทรวง กระทรวงสาธารณสุข,Re-acc. ครั้งที่ 2,2568,,,,,,,,,,,,,
10858,โรงพยาบาล,นาดี,ต่ออายุ,ปราจีนบุรี   ,ภาคตะวันออก,ภาครัฐ-ชุมชน ,รพช.(F1),สำนักปลัดกระทรวง กระทรวงสาธารณสุข,Re-acc. ครั้งที่ 1,2568,,,,,,,,,,,,,
10859,โรงพยาบาล,บ้านสร้าง,ต่ออายุ,ปราจีนบุรี   ,ภาคตะวันออก,ภาครัฐ-ชุมชน ,รพช.(F2),สำนักปลัดกระทรวง กระทรวงสาธารณสุข,ขั้น 3 (Accreditation),2568,,,,,,,,,,,,,
10860,โรงพยาบาล,ประจันตคาม,ต่ออายุ,ปราจีนบุรี   ,ภาคตะวันออก,ภาครัฐ-ชุมชน ,รพช.(F2),สำนักปลัดกระทรวง กระทรวงสาธารณสุข,Re-acc. ครั้งที่ 3,2568,,,,,,,,,,,,,
10861,โรงพยาบาล,ศรีมหาโพธิ,ต่ออายุ,ปราจีนบุรี   ,ภาคตะวันออก,ภาครัฐ-ชุมชน ,รพช.(F1),สำนักปลัดกระทรวง กระทรวงสาธารณสุข,Re-acc. ครั้งที่ 2,2568,,,,,,,,,,,,,
10862,โรงพยาบาล,ศรีมโหสถ,ต่ออายุ,ปราจีนบุรี   ,ภาคตะวันออก,ภาครัฐ-ชุมชน ,รพช.(F2),สำนักปลัดกระทรวง กระทรวงสาธารณสุข,Re-acc. ครั้งที่ 1,2568,,,,,,,,,,,,,
10866,โรงพยาบาล,คลองหาด,ต่ออายุ,สระแก้ว   ,ภาคตะวันออก,ภาครัฐ-ชุมชน ,รพช.(F2),สำนักปลัดกระทรวง กระทรวงสาธารณสุข,ขั้น 3 (Accreditation),2568,,,,,,,,,,,,,
10867,โรงพยาบาล,ตาพระยา,ต่ออายุ,สระแก้ว   ,ภาคตะวันออก,ภาครัฐ-ชุมชน ,รพช.(F2),สำนักปลัดกระทรวง กระทรวงสาธารณสุข,ขั้น 3 (Accreditation),2568,,,,,,,,,,,,,
10868,โรงพยาบาล,วังน้ำเย็น,ต่ออายุ,สระแก้ว   ,ภาคตะวันออก,ภาครัฐ-ชุมชน ,รพช.(F1),สำนักปลัดกระทรวง กระทรวงสาธารณสุข,Re-acc. ครั้งที่ 3,2568,,,,,,,,,,,,,
10869,โรงพยาบาล,วัฒนานคร,ต่ออายุ,สระแก้ว   ,ภาคตะวันออก,ภาครัฐ-ชุมชน ,รพช.(F2),สำนักปลัดกระทรวง กระทรวงสาธารณสุข,ขั้น 3 (Accreditation),2568,,,,,,,,,,,,,
10870,โรงพยาบาล,อรัญประเทศ,ต่ออายุ,สระแก้ว   ,ภาคตะวันออก,ภาครัฐ-ทั่วไป,รพท.(M1),สำนักปลัดกระทรวง กระทรวงสาธารณสุข,ขั้น 3 (Accreditation),2568,,,,,,,,,,,,,
11486,โรงพยาบาล,ค่ายนวมินทราชินี,ต่ออายุ,ชลบุรี   ,ภาคตะวันออก,ภาครัฐ-ชุมชน ,รพช.(F2),กรมแพทย์ทหารบก กระทรวงกลาโหม,Re-acc. ครั้งที่ 2,2568,,,,,,,,,,,,,
11490,โรงพยาบาล,ค่ายจักรพงษ์,ต่ออายุ,ปราจีนบุรี   ,ภาคตะวันออก,ภาครัฐ-ทั่วไป,รพท.(M1),กรมแพทย์ทหารบก กระทรวงกลาโหม,Re-acc. ครั้งที่ 2,2568,,,,,,,,,,,,,
11743,โรงพยาบาล,เปาโล สมุทรปราการ,ต่ออายุ,สมุทรปราการ   ,ภาคกลาง,ภาคเอกชน,เอกชนระดับเทียบเท่า รพท.,เอกชน,Re-acc. ครั้งที่ 3,2568,,,,,,,,,,,,,
11747,โรงพยาบาล,เปาโล พระประแดง,ต่ออายุ,สมุทรปราการ   ,ภาคกลาง,ภาคเอกชน,เอกชนระดับเทียบเท่า รพช.,เอกชน,Re-acc. ครั้งที่ 3,2568,,,,,,,,,,,,,
11770,โรงพยาบาล,พริ้นซ์ สุวรรณภูมิ,ต่ออายุ,สมุทรปราการ   ,ภาคกลาง,ภาคเอกชน,เอกชนระดับเทียบเท่า รพท.,เอกชน,ขั้น 2,2568,,,,,,,,,,,,,
11771,โรงพยาบาล,จุฬารัตน์ 3 อินเตอร์,N/A,สมุทรปราการ,ภาคกลาง,ภาคเอกชน,ภาคเอกชน,เอกชน-profit (จัดตั้งโดยบริษัท),หมดอายุการรับรองกระบวนการคุณภาพ ครั้งแรก,2568,,,,,,,,,,,,,
11845,โรงพยาบาล,จุฬารัตน์ ชลเวช,สมัครใหม่,ชลบุรี   ,ภาคตะวันออก,ภาคเอกชน,เอกชนระดับเทียบเท่า รพท.,เอกชน,ยังไม่เคยเข้าสู่กระบวนการรับรอง,2568,,,,,,,,,,,,,
11850,โรงพยาบาล,กรุงเทพพัทยา,สมัครใหม่,ชลบุรี   ,ภาคตะวันออก,ภาคเอกชน,เอกชนระดับเทียบเท่า รพศ.,เอกชน,Re-acc. ครั้งที่ 3,2568,,,,,,,,,,,,,
11855,โรงพยาบาล,พญาไทศรีราชา,N/A,ชลบุรี,ภาคตะวันออก,ภาคเอกชน,ภาคเอกชน,เอกชน-profit (จัดตั้งโดยบริษัท),ได้รับการต่ออายุการรับรองกระบวนการคุณภาพ ครั้งที่ 5,2568,,,,,,,,,,,,,
11874,โรงพยาบาล,สิริเวช จันทบุรี,ต่ออายุ,จันทบุรี   ,ภาคตะวันออก,ภาครัฐ-ทั่วไป,รพท.(M1),เอกชน,ขั้น 3 (Accreditation),2568,,,,,,,,,,,,,
11879,โรงพยาบาล,เกษมราษฎร์ ฉะเชิงเทรา,สมัครใหม่,ฉะเชิงเทรา   ,ภาคตะวันออก,ภาคเอกชน,เอกชนระดับเทียบเท่า รพท.,เอกชน,Re-acc. ครั้งที่ 1,2568,,,,,,,,,,,,,
12251,โรงพยาบาล,ยุวประสาทไวทโยปถัมภ์,ต่ออายุ,สมุทรปราการ   ,ภาคกลาง,ภาครัฐ-ตติยภูมิ ,รพ.ระดับเทียบเท่า รพศ.,กรมสุขภาพจิต กระทรวงสาธารณสุข,Re-acc. ครั้งที่ 3,2568,,,,,,,,,,,,,
12252,N/A,สถาบันราชประชาสมาสัย,ต่ออายุ,สมุทรปราการ   ,ภาคกลาง,ภาครัฐ-ตติยภูมิ ,สถาบันเฉพาะทาง,กรมควบคุมโรค กระทรวงสาธารณสุข,Re-acc. ครั้งที่ 1,2568,,,,,,,,,,,,,
12442,โรงพยาบาล,สมเด็จพระสังฆราชญาณสังวรเพื่อผู้สูงอายุ จังหวัดชลบุรี,ต่ออายุ,ชลบุรี   ,ภาคตะวันออก,ภาครัฐ-ตติยภูมิ ,สถาบันเฉพาะทาง,กรมการแพทย์ กระทรวงสาธารณสุข,Re-acc. ครั้งที่ 1,2568,,,,,,,,,,,,,
13754,โรงพยาบาล,สมเด็จพระบรมราชเทวี ณ ศรีราชา,ต่ออายุ,ชลบุรี   ,ภาคตะวันออก,ภาครัฐ-Advance (มีการเรียนการสอน) ,รพ.ระดับตติยภูมิหรือเทียบเท่า มีการเรียน-สอนบางสาขา,สภากาชาดไทย,Re-acc. ครั้งที่ 5,2568,,,,,,,,,,,,,
13758,โรงพยาบาล,สมเด็จพระนางเจ้าสิริกิติ์,ต่ออายุ,ชลบุรี   ,ภาคตะวันออก,ภาครัฐ-Advance (มีการเรียนการสอน) ,รพ.ระดับตติยภูมิหรือเทียบเท่า มีการเรียน-สอนบางสาขา,กรมแพทย์ทหารเรือ กระทรวงกลาโหม,Advanced HA,2568,,,,,,,,,,,,,
13760,โรงพยาบาล,มะเร็งชลบุรี  ,ต่ออายุ,ชลบุรี   ,ภาคตะวันออก,ภาครัฐ-ตติยภูมิ ,สถาบันเฉพาะทาง,กรมการแพทย์ กระทรวงสาธารณสุข,Re-acc. ครั้งที่ 3,2568,,,,,,,,,,,,,
13766,โรงพยาบาล,มหาวิทยาลัยบูรพา,ต่ออายุ,ชลบุรี   ,ภาคตะวันออก,ภาครัฐ-Advance (มีการเรียนการสอน) ,รพ.รร.แพทย์ มีการเรียน-สอนบางสาขา,มหาวิทยาลัย กระทรวงการอุดมศึกษา วิทยาศาสตร์ วิจัยและนวัตกรรม,Re-acc. ครั้งที่ 2,2568,,,,,,,,,,,,,
13817,โรงพยาบาล,เขาฉกรรจ์,ต่ออายุ,สระแก้ว   ,ภาคตะวันออก,ภาครัฐ-ชุมชน ,รพช.(F2),สำนักปลัดกระทรวง กระทรวงสาธารณสุข,ขั้น 3 (Accreditation),2568,,,,,,,,,,,,,
14591,โรงพยาบาล,สำโรงการแพทย์,N/A,สมุทรปราการ,ภาคกลาง,ภาคเอกชน,ภาคเอกชน,เอกชน-profit (จัดตั้งโดยบริษัท),ได้รับการต่ออายุการรับรองกระบวนการคุณภาพ ครั้งที่ 5,2568,,,,,,,,,,,,,
14689,โรงพยาบาล,ค่ายสุรสิงหนาท,ต่ออายุ,สระแก้ว   ,ภาคตะวันออก,ภาครัฐ-ชุมชน ,รพ.ระดับเทียบเท่า รพช.,กรมแพทย์ทหารบก กระทรวงกลาโหม,Re-acc. ครั้งที่ 2,2568,,,,,,,,,,,,,
14717,โรงพยาบาล,จิตเวชสระแก้วราชนครินทร์,ต่ออายุ,สระแก้ว   ,ภาคตะวันออก,ภาครัฐ-ตติยภูมิ ,สถาบันเฉพาะทาง,กรมสุขภาพจิต กระทรวงสาธารณสุข,Re-acc. ครั้งที่ 5,2568,,,,,,,,,,,,,
22734,โรงพยาบาล,เขาชะเมา เฉลิมพระเกียรติ ๘๐ พรรษา,ต่ออายุ,ระยอง   ,ภาคตะวันออก,ภาครัฐ-ชุมชน ,รพช.(F2),สำนักปลัดกระทรวง กระทรวงสาธารณสุข,Re-acc. ครั้งที่ 1,2568,,,,,,,,,,,,,
23207,โรงพยาบาล,เอกชล 2,N/A,ชลบุรี,ภาคตะวันออก,ภาคเอกชน,ภาคเอกชน,เอกชน-profit (จัดตั้งโดยบริษัท),ได้รับการต่ออายุการรับรองกระบวนการคุณภาพ ครั้งที่ 4,2568,,,,,,,,,,,,,
23962,โรงพยาบาล,นิคมพัฒนา,ต่ออายุ,ระยอง   ,ภาคตะวันออก,ภาครัฐ-ชุมชน ,รพช.(F2),สำนักปลัดกระทรวง กระทรวงสาธารณสุข,ขั้น 3 (Accreditation),2568,,,,,,,,,,,,,
28005,โรงพยาบาล,เมืองพัทยา,ต่ออายุ,ชลบุรี   ,ภาคตะวันออก,ภาครัฐ-ชุมชน ,รพช.(M2),กระทรวงมหาดไทย,ขั้น 3 (Accreditation),2568,,,,,,,,,,,,,
28006,โรงพยาบาล,เกาะจันทร์,ต่ออายุ,ชลบุรี   ,ภาคตะวันออก,ภาครัฐ-ชุมชน ,รพช.(F2),สำนักปลัดกระทรวง กระทรวงสาธารณสุข,Re-acc. ครั้งที่ 1,2568,,,,,,,,,,,,,
28785,โรงพยาบาล,บางเสาธง,ต่ออายุ,สมุทรปราการ   ,ภาคกลาง,ภาครัฐ-ชุมชน ,รพช.(F2),สำนักปลัดกระทรวง กระทรวงสาธารณสุข,ยังไม่เคยเข้าสู่กระบวนการรับรอง,2568,,,,,,,,,,,,,
28849,โรงพยาบาล,วังสมบูรณ์,ต่ออายุ,สระแก้ว   ,ภาคตะวันออก,ภาครัฐ-ชุมชน ,รพช.(F2),สำนักปลัดกระทรวง กระทรวงสาธารณสุข,ขั้น 3 (Accreditation),2568,,,,,,,,,,,,,
28850,โรงพยาบาล,โคกสูง,ต่ออายุ,สระแก้ว   ,ภาคตะวันออก,ภาครัฐ-ชุมชน ,รพช.(F2),สำนักปลัดกระทรวง กระทรวงสาธารณสุข,ขั้น 3 (Accreditation),2568,,,,,,,,,,,,,
41569,โรงพยาบาล,รวมแพทย์ฉะเชิงเทรา,สมัครใหม่,ฉะเชิงเทรา   ,ภาคตะวันออก,ภาคเอกชน,เอกชนระดับเทียบเท่า รพท.,เอกชน,ขั้น 3 (Accreditation),2568,,,,,,,,,,,,,
10670,โรงพยาบาล,ขอนแก่น,ต่ออายุ,ขอนแก่น   ,ภาคตะวันออกเฉียงเหนือ,ภาครัฐ-ตติยภูมิ ,รพศ.(A),สำนักปลัดกระทรวง กระทรวงสาธารณสุข,Re-acc. ครั้งที่ 6,2568,,,,,,,,,,,,,
10707,โรงพยาบาล,มหาสารคาม,ต่ออายุ,มหาสารคาม   ,ภาคตะวันออกเฉียงเหนือ,ภาครัฐ-ทั่วไป,รพท.(S),สำนักปลัดกระทรวง กระทรวงสาธารณสุข,Re-acc. ครั้งที่ 3,2568,,,,,,,,,,,,,
10708,โรงพยาบาล,ร้อยเอ็ด,ต่ออายุ,ร้อยเอ็ด   ,ภาคตะวันออกเฉียงเหนือ,ภาครัฐ-Advance (มีการเรียนการสอน) ,รพศ.(A) มีการเรียน-สอนบางสาขา,สำนักปลัดกระทรวง กระทรวงสาธารณสุข,Re-acc. ครั้งที่ 5,2568,,,,,,,,,,,,,
10709,โรงพยาบาล,กาฬสินธุ์,ต่ออายุ,กาฬสินธุ์   ,ภาคตะวันออกเฉียงเหนือ,ภาครัฐ-ทั่วไป,รพท.(S),สำนักปลัดกระทรวง กระทรวงสาธารณสุข,Re-acc. ครั้งที่ 3,2568,,,,,,,,,,,,,
10995,โรงพยาบาล,บ้านฝาง,ต่ออายุ,ขอนแก่น   ,ภาคตะวันออกเฉียงเหนือ,ภาครัฐ-ชุมชน ,รพช.(F2),สำนักปลัดกระทรวง กระทรวงสาธารณสุข,Re-acc. ครั้งที่ 3,2568,,,,,,,,,,,,,
10996,โรงพยาบาล,พระยืน,ต่ออายุ,ขอนแก่น   ,ภาคตะวันออกเฉียงเหนือ,ภาครัฐ-ชุมชน ,รพช.(F2),สำนักปลัดกระทรวง กระทรวงสาธารณสุข,Re-acc. ครั้งที่ 4,2568,,,,,,,,,,,,,
10997,โรงพยาบาล,หนองเรือ,ต่ออายุ,ขอนแก่น   ,ภาคตะวันออกเฉียงเหนือ,ภาครัฐ-ชุมชน ,รพช.(F1),สำนักปลัดกระทรวง กระทรวงสาธารณสุข,Re-acc. ครั้งที่ 3,2568,,,,,,,,,,,,,
10998,โรงพยาบาล,ชุมแพ,ต่ออายุ,ขอนแก่น   ,ภาคตะวันออกเฉียงเหนือ,ภาครัฐ-ทั่วไป,รพท.(S),สำนักปลัดกระทรวง กระทรวงสาธารณสุข,Re-acc. ครั้งที่ 3,2568,,,,,,,,,,,,,
10999,โรงพยาบาล,สีชมพู,ต่ออายุ,ขอนแก่น   ,ภาคตะวันออกเฉียงเหนือ,ภาครัฐ-ชุมชน ,รพช.(F1),สำนักปลัดกระทรวง กระทรวงสาธารณสุข,Re-acc. ครั้งที่ 4,2568,,,,,,,,,,,,,
11000,โรงพยาบาล,น้ำพอง,ต่ออายุ,ขอนแก่น   ,ภาคตะวันออกเฉียงเหนือ,ภาครัฐ-ชุมชน ,รพช.(M2),สำนักปลัดกระทรวง กระทรวงสาธารณสุข,Re-acc. ครั้งที่ 3,2568,,,,,,,,,,,,,
11001,โรงพยาบาล,อุบลรัตน์,ต่ออายุ,ขอนแก่น   ,ภาคตะวันออกเฉียงเหนือ,ภาครัฐ-ชุมชน ,รพช.(F1),สำนักปลัดกระทรวง กระทรวงสาธารณสุข,Re-acc. ครั้งที่ 4,2568,,,,,,,,,,,,,
11002,โรงพยาบาล,บ้านไผ่,ต่ออายุ,ขอนแก่น   ,ภาคตะวันออกเฉียงเหนือ,ภาครัฐ-ชุมชน ,รพช.(M2),สำนักปลัดกระทรวง กระทรวงสาธารณสุข,Re-acc. ครั้งที่ 3,2568,,,,,,,,,,,,,
11003,โรงพยาบาล,เปือยน้อย,ต่ออายุ,ขอนแก่น   ,ภาคตะวันออกเฉียงเหนือ,ภาครัฐ-ชุมชน ,รพช.(F2),สำนักปลัดกระทรวง กระทรวงสาธารณสุข,Re-acc. ครั้งที่ 3,2568,,,,,,,,,,,,,
11004,โรงพยาบาล,พล,ต่ออายุ,ขอนแก่น   ,ภาคตะวันออกเฉียงเหนือ,ภาครัฐ-ชุมชน ,รพช.(M2),สำนักปลัดกระทรวง กระทรวงสาธารณสุข,Re-acc. ครั้งที่ 4,2568,,,,,,,,,,,,,
11005,โรงพยาบาล,แวงใหญ่,ต่ออายุ,ขอนแก่น   ,ภาคตะวันออกเฉียงเหนือ,ภาครัฐ-ชุมชน ,รพช.(F2),สำนักปลัดกระทรวง กระทรวงสาธารณสุข,Re-acc. ครั้งที่ 3,2568,,,,,,,,,,,,,
11006,โรงพยาบาล,แวงน้อย,ต่ออายุ,ขอนแก่น   ,ภาคตะวันออกเฉียงเหนือ,ภาครัฐ-ชุมชน ,รพช.(F2),สำนักปลัดกระทรวง กระทรวงสาธารณสุข,Re-acc. ครั้งที่ 3,2568,,,,,,,,,,,,,
11008,โรงพยาบาล,ภูเวียง,ต่ออายุ,ขอนแก่น   ,ภาคตะวันออกเฉียงเหนือ,ภาครัฐ-ชุมชน ,รพช.(F1),สำนักปลัดกระทรวง กระทรวงสาธารณสุข,Re-acc. ครั้งที่ 3,2568,,,,,,,,,,,,,
11010,โรงพยาบาล,ชนบท,ต่ออายุ,ขอนแก่น   ,ภาคตะวันออกเฉียงเหนือ,ภาครัฐ-ชุมชน ,รพช.(F2),สำนักปลัดกระทรวง กระทรวงสาธารณสุข,Re-acc. ครั้งที่ 3,2568,,,,,,,,,,,,,
11011,โรงพยาบาล,เขาสวนกวาง,ต่ออายุ,ขอนแก่น   ,ภาคตะวันออกเฉียงเหนือ,ภาครัฐ-ชุมชน ,รพช.(F2),สำนักปลัดกระทรวง กระทรวงสาธารณสุข,Re-acc. ครั้งที่ 2,2568,,,,,,,,,,,,,
11012,โรงพยาบาล,ภูผาม่าน,ต่ออายุ,ขอนแก่น   ,ภาคตะวันออกเฉียงเหนือ,ภาครัฐ-ชุมชน ,รพช.(F2),สำนักปลัดกระทรวง กระทรวงสาธารณสุข,Re-acc. ครั้งที่ 3,2568,,,,,,,,,,,,,
11051,โรงพยาบาล,แกดำ,ต่ออายุ,มหาสารคาม   ,ภาคตะวันออกเฉียงเหนือ,ภาครัฐ-ชุมชน ,รพช.(F2),สำนักปลัดกระทรวง กระทรวงสาธารณสุข,Re-acc. ครั้งที่ 4,2568,,,,,,,,,,,,,
11052,โรงพยาบาล,โกสุมพิสัย,ต่ออายุ,มหาสารคาม   ,ภาคตะวันออกเฉียงเหนือ,ภาครัฐ-ชุมชน ,รพช.(M2),สำนักปลัดกระทรวง กระทรวงสาธารณสุข,Re-acc. ครั้งที่ 4,2568,,,,,,,,,,,,,
11053,โรงพยาบาล,กันทรวิชัย,ต่ออายุ,มหาสารคาม   ,ภาคตะวันออกเฉียงเหนือ,ภาครัฐ-ชุมชน ,รพช.(F2),สำนักปลัดกระทรวง กระทรวงสาธารณสุข,Re-acc. ครั้งที่ 3,2568,,,,,,,,,,,,,
11054,โรงพยาบาล,เชียงยืน,ต่ออายุ,มหาสารคาม   ,ภาคตะวันออกเฉียงเหนือ,ภาครัฐ-ชุมชน ,รพช.(F1),สำนักปลัดกระทรวง กระทรวงสาธารณสุข,Re-acc. ครั้งที่ 4,2568,,,,,,,,,,,,,
11055,โรงพยาบาล,บรบือ,ต่ออายุ,มหาสารคาม   ,ภาคตะวันออกเฉียงเหนือ,ภาครัฐ-ชุมชน ,รพช.(M2),สำนักปลัดกระทรวง กระทรวงสาธารณสุข,Re-acc. ครั้งที่ 5,2568,,,,,,,,,,,,,
11056,โรงพยาบาล,นาเชือก,ต่ออายุ,มหาสารคาม   ,ภาคตะวันออกเฉียงเหนือ,ภาครัฐ-ชุมชน ,รพช.(F2),สำนักปลัดกระทรวง กระทรวงสาธารณสุข,Re-acc. ครั้งที่ 2,2568,,,,,,,,,,,,,
11057,โรงพยาบาล,พยัคฆภูมิพิสัย,ต่ออายุ,มหาสารคาม   ,ภาคตะวันออกเฉียงเหนือ,ภาครัฐ-ชุมชน ,รพช.(M2),สำนักปลัดกระทรวง กระทรวงสาธารณสุข,Re-acc. ครั้งที่ 3,2568,,,,,,,,,,,,,
11058,โรงพยาบาล,วาปีปทุม,ต่ออายุ,มหาสารคาม   ,ภาคตะวันออกเฉียงเหนือ,ภาครัฐ-ชุมชน ,รพช.(M2),สำนักปลัดกระทรวง กระทรวงสาธารณสุข,Re-acc. ครั้งที่ 4,2568,,,,,,,,,,,,,
11059,โรงพยาบาล,นาดูน,ต่ออายุ,มหาสารคาม   ,ภาคตะวันออกเฉียงเหนือ,ภาครัฐ-ชุมชน ,รพช.(F2),สำนักปลัดกระทรวง กระทรวงสาธารณสุข,Re-acc. ครั้งที่ 3,2568,,,,,,,,,,,,,
11061,โรงพยาบาล,เกษตรวิสัย,ต่ออายุ,ร้อยเอ็ด   ,ภาคตะวันออกเฉียงเหนือ,ภาครัฐ-ชุมชน ,รพช.(M2),สำนักปลัดกระทรวง กระทรวงสาธารณสุข,Re-acc. ครั้งที่ 4,2568,,,,,,,,,,,,,
11062,โรงพยาบาล,ปทุมรัตต์,ต่ออายุ,ร้อยเอ็ด   ,ภาคตะวันออกเฉียงเหนือ,ภาครัฐ-ชุมชน ,รพช.(F2),สำนักปลัดกระทรวง กระทรวงสาธารณสุข,Re-acc. ครั้งที่ 3,2568,,,,,,,,,,,,,
11063,โรงพยาบาล,จตุรพักตรพิมาน,ต่ออายุ,ร้อยเอ็ด   ,ภาคตะวันออกเฉียงเหนือ,ภาครัฐ-ตติยภูมิ ,สถาบันเฉพาะทาง,สำนักปลัดกระทรวง กระทรวงสาธารณสุข,Re-acc. ครั้งที่ 2,2568,,,,,,,,,,,,,
11064,โรงพยาบาล,ธวัชบุรี,ต่ออายุ,ร้อยเอ็ด   ,ภาคตะวันออกเฉียงเหนือ,ภาครัฐ-ชุมชน ,รพช.(F2),สำนักปลัดกระทรวง กระทรวงสาธารณสุข,Re-acc. ครั้งที่ 2,2568,,,,,,,,,,,,,
11065,โรงพยาบาล,พนมไพร,ต่ออายุ,ร้อยเอ็ด   ,ภาคตะวันออกเฉียงเหนือ,ภาครัฐ-ชุมชน ,รพช.(F1),สำนักปลัดกระทรวง กระทรวงสาธารณสุข,Re-acc. ครั้งที่ 3,2568,,,,,,,,,,,,,
11066,โรงพยาบาล,โพนทอง,ต่ออายุ,ร้อยเอ็ด   ,ภาคตะวันออกเฉียงเหนือ,ภาครัฐ-ชุมชน ,รพช.(M2),สำนักปลัดกระทรวง กระทรวงสาธารณสุข,Re-acc. ครั้งที่ 3,2568,,,,,,,,,,,,,
11067,โรงพยาบาล,โพธิ์ชัย,ต่ออายุ,ร้อยเอ็ด   ,ภาคตะวันออกเฉียงเหนือ,ภาครัฐ-ชุมชน ,รพช.(F2),สำนักปลัดกระทรวง กระทรวงสาธารณสุข,Re-acc. ครั้งที่ 3,2568,,,,,,,,,,,,,
11068,โรงพยาบาล,หนองพอก,ต่ออายุ,ร้อยเอ็ด   ,ภาคตะวันออกเฉียงเหนือ,ภาครัฐ-ชุมชน ,รพช.(F2),สำนักปลัดกระทรวง กระทรวงสาธารณสุข,Re-acc. ครั้งที่ 3,2568,,,,,,,,,,,,,
11069,โรงพยาบาล,เสลภูมิ,สมัครใหม่,ร้อยเอ็ด   ,ภาคตะวันออกเฉียงเหนือ,ภาครัฐ-ชุมชน ,รพช.(M2),สำนักปลัดกระทรวง กระทรวงสาธารณสุข,Re-acc. ครั้งที่ 3,2568,,,,,,,,,,,,,
11070,โรงพยาบาล,สุวรรณภูมิ,ต่ออายุ,ร้อยเอ็ด   ,ภาคตะวันออกเฉียงเหนือ,ภาครัฐ-ชุมชน ,รพช.(M2),สำนักปลัดกระทรวง กระทรวงสาธารณสุข,Re-acc. ครั้งที่ 4,2568,,,,,,,,,,,,,
11071,โรงพยาบาล,เมืองสรวง,ต่ออายุ,ร้อยเอ็ด   ,ภาคตะวันออกเฉียงเหนือ,ภาครัฐ-ชุมชน ,รพช.(F2),สำนักปลัดกระทรวง กระทรวงสาธารณสุข,Re-acc. ครั้งที่ 2,2568,,,,,,,,,,,,,
11072,โรงพยาบาล,โพนทราย,ต่ออายุ,ร้อยเอ็ด   ,ภาคตะวันออกเฉียงเหนือ,ภาครัฐ-ชุมชน ,รพช.(F2),สำนักปลัดกระทรวง กระทรวงสาธารณสุข,Re-acc. ครั้งที่ 4,2568,,,,,,,,,,,,,
11073,โรงพยาบาล,อาจสามารถ,ต่ออายุ,ร้อยเอ็ด   ,ภาคตะวันออกเฉียงเหนือ,ภาครัฐ-ชุมชน ,รพช.(F2),สำนักปลัดกระทรวง กระทรวงสาธารณสุข,Re-acc. ครั้งที่ 2,2568,,,,,,,,,,,,,
11074,โรงพยาบาล,เมยวดี,ต่ออายุ,ร้อยเอ็ด   ,ภาคตะวันออกเฉียงเหนือ,ภาครัฐ-ชุมชน ,รพช.(F2),สำนักปลัดกระทรวง กระทรวงสาธารณสุข,Re-acc. ครั้งที่ 2,2568,,,,,,,,,,,,,
11075,โรงพยาบาล,ศรีสมเด็จ,ต่ออายุ,ร้อยเอ็ด   ,ภาคตะวันออกเฉียงเหนือ,ภาครัฐ-ชุมชน ,รพช.(F2),สำนักปลัดกระทรวง กระทรวงสาธารณสุข,Re-acc. ครั้งที่ 2,2568,,,,,,,,,,,,,
11076,โรงพยาบาล,จังหาร,ต่ออายุ,ร้อยเอ็ด   ,ภาคตะวันออกเฉียงเหนือ,ภาครัฐ-ชุมชน ,รพช.(F2),สำนักปลัดกระทรวง กระทรวงสาธารณสุข,Re-acc. ครั้งที่ 3,2568,,,,,,,,,,,,,
11078,โรงพยาบาล,กมลาไสย,ต่ออายุ,กาฬสินธุ์   ,ภาคตะวันออกเฉียงเหนือ,ภาครัฐ-ชุมชน ,รพช.(M2),สำนักปลัดกระทรวง กระทรวงสาธารณสุข,Re-acc. ครั้งที่ 2,2568,,,,,,,,,,,,,
11080,โรงพยาบาล,เขาวง,ต่ออายุ,กาฬสินธุ์   ,ภาคตะวันออกเฉียงเหนือ,ภาครัฐ-ชุมชน ,รพช.(F2),สำนักปลัดกระทรวง กระทรวงสาธารณสุข,Re-acc. ครั้งที่ 3,2568,,,,,,,,,,,,,
11081,โรงพยาบาล,ยางตลาด,ต่ออายุ,กาฬสินธุ์   ,ภาคตะวันออกเฉียงเหนือ,ภาครัฐ-ตติยภูมิ ,สถาบันเฉพาะทาง,สำนักปลัดกระทรวง กระทรวงสาธารณสุข,Re-acc. ครั้งที่ 2,2568,,,,,,,,,,,,,
11085,โรงพยาบาล,ท่าคันโท,ต่ออายุ,กาฬสินธุ์   ,ภาคตะวันออกเฉียงเหนือ,ภาครัฐ-ชุมชน ,รพช.(F2),สำนักปลัดกระทรวง กระทรวงสาธารณสุข,Re-acc. ครั้งที่ 2,2568,,,,,,,,,,,,,
11086,โรงพยาบาล,หนองกุงศรี,ต่ออายุ,กาฬสินธุ์   ,ภาคตะวันออกเฉียงเหนือ,ภาครัฐ-ชุมชน ,รพช.(F1),สำนักปลัดกระทรวง กระทรวงสาธารณสุข,Re-acc. ครั้งที่ 3,2568,,,,,,,,,,,,,
11087,โรงพยาบาล,สมเด็จ,สมัครใหม่,กาฬสินธุ์   ,ภาคตะวันออกเฉียงเหนือ,ภาครัฐ-ชุมชน ,รพช.(M2),สำนักปลัดกระทรวง กระทรวงสาธารณสุข,Re-acc. ครั้งที่ 2,2568,,,,,,,,,,,,,
11088,โรงพยาบาล,ห้วยผึ้ง,ต่ออายุ,กาฬสินธุ์   ,ภาคตะวันออกเฉียงเหนือ,ภาครัฐ-ชุมชน ,รพช.(F2),สำนักปลัดกระทรวง กระทรวงสาธารณสุข,Re-acc. ครั้งที่ 1,2568,,,,,,,,,,,,,
11449,โรงพยาบาล,สมเด็จพระยุพราชกุฉินารายณ์,ต่ออายุ,กาฬสินธุ์   ,ภาคตะวันออกเฉียงเหนือ,ภาครัฐ-ชุมชน ,รพช.(M2),สำนักปลัดกระทรวง กระทรวงสาธารณสุข,Re-acc. ครั้งที่ 2,2568,,,,,,,,,,,,,
11497,โรงพยาบาล,ค่ายศรีพัชรินทร,ต่ออายุ,ขอนแก่น   ,ภาคตะวันออกเฉียงเหนือ,ภาครัฐ-ชุมชน ,รพช.(F3),กรมแพทย์ทหารบก กระทรวงกลาโหม,Re-acc. ครั้งที่ 1,2568,,,,,,,,,,,,,
12272,โรงพยาบาล,จิตเวชขอนแก่นราชนครินทร์,ต่ออายุ,ขอนแก่น   ,ภาคตะวันออกเฉียงเหนือ,ภาครัฐ-ทั่วไป,รพท.(M1),กรมสุขภาพจิต กระทรวงสาธารณสุข,Re-acc. ครั้งที่ 2,2568,,,,,,,,,,,,,
12273,โรงพยาบาล,ส่งเสริมสุขภาพ ศูนย์อนามัยที่ 7,ต่ออายุ,ขอนแก่น   ,ภาคตะวันออกเฉียงเหนือ,ภาครัฐ-ชุมชน ,รพ.ระดับเทียบเท่า รพช.,กรมอนามัย กระทรวงสาธารณสุข,ขั้น 2,2568,,,,,,,,,,,,,
12275,โรงพยาบาล,สิรินธร ขอนแก่น,ต่ออายุ,ขอนแก่น   ,ภาคตะวันออกเฉียงเหนือ,ภาครัฐ-ทั่วไป,รพท.(M1),สำนักปลัดกระทรวง กระทรวงสาธารณสุข,Re-acc. ครั้งที่ 2,2568,,,,,,,,,,,,,
13777,โรงพยาบาล,ศรีนครินทร์ มหาวิทยาลัยขอนแก่น,ต่ออายุ,ขอนแก่น   ,ภาคตะวันออกเฉียงเหนือ,ภาครัฐ-Advance (มีการเรียนการสอน) ,รพ.รร.แพทย์ มีการเรียน-สอนครบทุกสาขา,มหาวิทยาลัย กระทรวงการอุดมศึกษา วิทยาศาสตร์ วิจัยและนวัตกรรม,Re-acc. ครั้งที่ 5,2568,,,,,,,,,,,,,
14196,โรงพยาบาล,ธัญญารักษ์ขอนแก่น,ต่ออายุ,ขอนแก่น   ,ภาคตะวันออกเฉียงเหนือ,ภาครัฐ-ตติยภูมิ ,สถาบันเฉพาะทาง,กรมการแพทย์ กระทรวงสาธารณสุข,Re-acc. ครั้งที่ 3,2568,,,,,,,,,,,,,
14584,N/A,ศูนย์หัวใจสิริกิติ์ ภาคตะวันออกเฉียงเหนือ ม.ขอนแก่น,ต่ออายุ,ขอนแก่น   ,ภาคตะวันออกเฉียงเหนือ,ภาครัฐ-ตติยภูมิ ,สถาบันเฉพาะทาง,มหาวิทยาลัย กระทรวงการอุดมศึกษา วิทยาศาสตร์ วิจัยและนวัตกรรม,Re-acc. ครั้งที่ 2,2568,,,,,,,,,,,,,
15270,N/A,คณะทันตแพทยศาสตร์ มหาวิทยาลัยขอนแก่น,ต่ออายุ,ขอนแก่น   ,ภาคตะวันออกเฉียงเหนือ,ภาครัฐ-Advance (มีการเรียนการสอน) ,รพ.ระดับตติยภูมิหรือเทียบเท่า มีการเรียน-สอนบางสาขา,มหาวิทยาลัย กระทรวงการอุดมศึกษา วิทยาศาสตร์ วิจัยและนวัตกรรม,ขั้น 3 (Accreditation),2568,,,,,,,,,,,,,
22953,โรงพยาบาล,สุทธาเวช คณะแพทยศาสตร์ มหาวิทยาลัยมหาสารคาม,ต่ออายุ,มหาสารคาม   ,ภาคตะวันออกเฉียงเหนือ,ภาครัฐ-ตติยภูมิ ,สถาบันเฉพาะทาง,มหาวิทยาลัย กระทรวงการอุดมศึกษา วิทยาศาสตร์ วิจัยและนวัตกรรม,Re-acc. ครั้งที่ 1,2568,,,,,,,,,,,,,
24704,โรงพยาบาล,กุดรัง,ต่ออายุ,มหาสารคาม   ,ภาคตะวันออกเฉียงเหนือ,ภาครัฐ-ชุมชน ,รพช.(F2),สำนักปลัดกระทรวง กระทรวงสาธารณสุข,ยังไม่เคยเข้าสู่กระบวนการรับรอง,2568,,,,,,,,,,,,,
24746,N/A,สถาบันสุขภาพจิตเด็กและวัยรุ่นภาคตะวันออกเฉียงเหนือ,ต่ออายุ,ขอนแก่น   ,ภาคตะวันออกเฉียงเหนือ,ภาครัฐ-ตติยภูมิ ,สถาบันเฉพาะทาง,กรมสุขภาพจิต กระทรวงสาธารณสุข,ขั้น 3 (Accreditation),2568,,,,,,,,,,,,,
27988,โรงพยาบาล,ทุ่งเขาหลวง,ต่ออายุ,ร้อยเอ็ด   ,ภาคตะวันออกเฉียงเหนือ,ภาครัฐ-ชุมชน ,รพช.(F3),สำนักปลัดกระทรวง กระทรวงสาธารณสุข,ขั้น 3 (Accreditation),2568,,,,,,,,,,,,,
28790,โรงพยาบาล,ดอนจาน,ต่ออายุ,กาฬสินธุ์   ,ภาคตะวันออกเฉียงเหนือ,ภาครัฐ-ชุมชน ,รพช.(F3),สำนักปลัดกระทรวง กระทรวงสาธารณสุข,ยังไม่เคยเข้าสู่กระบวนการรับรอง,2568,,,,,,,,,,,,,
28843,โรงพยาบาล,ชื่นชม,ต่ออายุ,มหาสารคาม   ,ภาคตะวันออกเฉียงเหนือ,ภาครัฐ-ชุมชน ,รพช.(F2),สำนักปลัดกระทรวง กระทรวงสาธารณสุข,ยังไม่เคยเข้าสู่กระบวนการรับรอง,2568,,,,,,,,,,,,,
31156,โรงพยาบาล,กรุงเทพขอนแก่น,N/A,ขอนแก่น,ภาคตะวันออกเฉียงเหนือ,ภาคเอกชน,ภาคเอกชน,เอกชน-profit (จัดตั้งโดยบริษัท),ได้รับการต่ออายุการรับรองกระบวนการคุณภาพ ครั้งที่ 2,2568,,,,,,,,,,,,,
41639,โรงพยาบาล,กาฬสินธุ์-ธนบุรี,ต่ออายุ,กาฬสินธุ์   ,ภาคตะวันออกเฉียงเหนือ,ภาคเอกชน,เอกชนระดับเทียบเท่า รพท.,เอกชน,ขั้น 2,2568,,,,,,,,,,,,,
77649,โรงพยาบาล,หนองนาคำ,ต่ออายุ,ขอนแก่น   ,ภาคตะวันออกเฉียงเหนือ,ภาครัฐ-ชุมชน ,รพช.(F3),สำนักปลัดกระทรวง กระทรวงสาธารณสุข,ยังไม่เคยเข้าสู่กระบวนการรับรอง,2568,,,,,,,,,,,,,
77650,โรงพยาบาล,เวียงเก่า,ต่ออายุ,ขอนแก่น   ,ภาคตะวันออกเฉียงเหนือ,ภาครัฐ-ชุมชน ,รพช.(F3),สำนักปลัดกระทรวง กระทรวงสาธารณสุข,ยังไม่เคยเข้าสู่กระบวนการรับรอง,2568,,,,,,,,,,,,,
77652,โรงพยาบาล,โนนศิลา,ต่ออายุ,ขอนแก่น   ,ภาคตะวันออกเฉียงเหนือ,ภาครัฐ-ชุมชน ,รพช.(F3),สำนักปลัดกระทรวง กระทรวงสาธารณสุข,ยังไม่เคยเข้าสู่กระบวนการรับรอง,2568,,,,,,,,,,,,,
10671,โรงพยาบาล,อุดรธานี,ต่ออายุ,อุดรธานี   ,ภาคตะวันออกเฉียงเหนือ,ภาครัฐ-Advance (มีการเรียนการสอน) ,รพศ.(A) มีการเรียน-สอนบางสาขา,สำนักปลัดกระทรวง กระทรวงสาธารณสุข,Re-acc. ครั้งที่ 3,2568,,,,,,,,,,,,,
10704,โรงพยาบาล,หนองบัวลำภู,ต่ออายุ,หนองบัวลำภู   ,ภาคตะวันออกเฉียงเหนือ,ภาครัฐ-ทั่วไป,รพท.(S),สำนักปลัดกระทรวง กระทรวงสาธารณสุข,Re-acc. ครั้งที่ 3,2568,,,,,,,,,,,,,
10705,โรงพยาบาล,เลย,ต่ออายุ,เลย   ,ภาคตะวันออกเฉียงเหนือ,ภาครัฐ-ทั่วไป,รพท.(S),สำนักปลัดกระทรวง กระทรวงสาธารณสุข,Re-acc. ครั้งที่ 3,2568,,,,,,,,,,,,,
10706,โรงพยาบาล,หนองคาย,ต่ออายุ,หนองคาย   ,ภาคตะวันออกเฉียงเหนือ,ภาครัฐ-ทั่วไป,รพท.(S),สำนักปลัดกระทรวง กระทรวงสาธารณสุข,Re-acc. ครั้งที่ 3,2568,,,,,,,,,,,,,
10710,โรงพยาบาล,สกลนคร,ต่ออายุ,สกลนคร   ,ภาคตะวันออกเฉียงเหนือ,ภาครัฐ-ตติยภูมิ ,รพศ.(A),สำนักปลัดกระทรวง กระทรวงสาธารณสุข,Re-acc. ครั้งที่ 4,2568,,,,,,,,,,,,,
10711,โรงพยาบาล,นครพนม,ต่ออายุ,นครพนม   ,ภาคตะวันออกเฉียงเหนือ,ภาครัฐ-ทั่วไป,รพท.(S),สำนักปลัดกระทรวง กระทรวงสาธารณสุข,Re-acc. ครั้งที่ 3,2568,,,,,,,,,,,,,
10991,โรงพยาบาล,นากลาง,ต่ออายุ,หนองบัวลำภู   ,ภาคตะวันออกเฉียงเหนือ,ภาครัฐ-ชุมชน ,รพช.(F1),สำนักปลัดกระทรวง กระทรวงสาธารณสุข,Re-acc. ครั้งที่ 3,2568,,,,,,,,,,,,,
10992,โรงพยาบาล,โนนสัง,ต่ออายุ,หนองบัวลำภู   ,ภาคตะวันออกเฉียงเหนือ,ภาครัฐ-ชุมชน ,รพช.(F2),สำนักปลัดกระทรวง กระทรวงสาธารณสุข,Re-acc. ครั้งที่ 2,2568,,,,,,,,,,,,,
10993,โรงพยาบาล,ศรีบุญเรือง,ต่ออายุ,หนองบัวลำภู   ,ภาคตะวันออกเฉียงเหนือ,ภาครัฐ-ชุมชน ,รพช.(M2),สำนักปลัดกระทรวง กระทรวงสาธารณสุข,Re-acc. ครั้งที่ 3,2568,,,,,,,,,,,,,
10994,โรงพยาบาล,สุวรรณคูหา,ต่ออายุ,หนองบัวลำภู   ,ภาคตะวันออกเฉียงเหนือ,ภาครัฐ-ชุมชน ,รพช.(F1),สำนักปลัดกระทรวง กระทรวงสาธารณสุข,Re-acc. ครั้งที่ 2,2568,,,,,,,,,,,,,
11013,โรงพยาบาล,กุดจับ,ต่ออายุ,อุดรธานี   ,ภาคตะวันออกเฉียงเหนือ,ภาครัฐ-ชุมชน ,รพช.(F1),สำนักปลัดกระทรวง กระทรวงสาธารณสุข,Re-acc. ครั้งที่ 3,2568,,,,,,,,,,,,,
11014,โรงพยาบาล,หนองวัวซอ,ต่ออายุ,อุดรธานี   ,ภาคตะวันออกเฉียงเหนือ,ภาครัฐ-ชุมชน ,รพช.(F2),สำนักปลัดกระทรวง กระทรวงสาธารณสุข,Re-acc. ครั้งที่ 5,2568,,,,,,,,,,,,,
11015,โรงพยาบาล,กุมภวาปี,ต่ออายุ,อุดรธานี   ,ภาคตะวันออกเฉียงเหนือ,ภาครัฐ-ทั่วไป,รพท.(S),สำนักปลัดกระทรวง กระทรวงสาธารณสุข,Re-acc. ครั้งที่ 4,2568,,,,,,,,,,,,,
11017,โรงพยาบาล,โนนสะอาด,ต่ออายุ,อุดรธานี   ,ภาคตะวันออกเฉียงเหนือ,ภาครัฐ-ชุมชน ,รพช.(F2),สำนักปลัดกระทรวง กระทรวงสาธารณสุข,Re-acc. ครั้งที่ 3,2568,,,,,,,,,,,,,
11018,โรงพยาบาล,หนองหาน,ต่ออายุ,อุดรธานี   ,ภาคตะวันออกเฉียงเหนือ,ภาครัฐ-ชุมชน ,รพช.(M2),สำนักปลัดกระทรวง กระทรวงสาธารณสุข,Re-acc. ครั้งที่ 3,2568,,,,,,,,,,,,,
11019,โรงพยาบาล,ทุ่งฝน,ต่ออายุ,อุดรธานี   ,ภาคตะวันออกเฉียงเหนือ,ภาครัฐ-ชุมชน ,รพช.(F2),สำนักปลัดกระทรวง กระทรวงสาธารณสุข,Re-acc. ครั้งที่ 3,2568,,,,,,,,,,,,,
11020,โรงพยาบาล,ไชยวาน,ต่ออายุ,อุดรธานี   ,ภาคตะวันออกเฉียงเหนือ,ภาครัฐ-ชุมชน ,รพช.(F2),สำนักปลัดกระทรวง กระทรวงสาธารณสุข,Re-acc. ครั้งที่ 3,2568,,,,,,,,,,,,,
11021,โรงพยาบาล,ศรีธาตุ,ต่ออายุ,อุดรธานี   ,ภาคตะวันออกเฉียงเหนือ,ภาครัฐ-ชุมชน ,รพช.(F2),สำนักปลัดกระทรวง กระทรวงสาธารณสุข,Re-acc. ครั้งที่ 3,2568,,,,,,,,,,,,,
11022,โรงพยาบาล,วังสามหมอ,ต่ออายุ,อุดรธานี   ,ภาคตะวันออกเฉียงเหนือ,ภาครัฐ-ชุมชน ,รพช.(F1),สำนักปลัดกระทรวง กระทรวงสาธารณสุข,Re-acc. ครั้งที่ 3,2568,,,,,,,,,,,,,
11023,โรงพยาบาล,บ้านผือ,ต่ออายุ,อุดรธานี   ,ภาคตะวันออกเฉียงเหนือ,ภาครัฐ-ชุมชน ,รพช.(M2),สำนักปลัดกระทรวง กระทรวงสาธารณสุข,Re-acc. ครั้งที่ 3,2568,,,,,,,,,,,,,
11025,โรงพยาบาล,เพ็ญ,ต่ออายุ,อุดรธานี   ,ภาคตะวันออกเฉียงเหนือ,ภาครัฐ-ชุมชน ,รพช.(M2),สำนักปลัดกระทรวง กระทรวงสาธารณสุข,Re-acc. ครั้งที่ 4,2568,,,,,,,,,,,,,
11026,โรงพยาบาล,สร้างคอม,ต่ออายุ,อุดรธานี   ,ภาคตะวันออกเฉียงเหนือ,ภาครัฐ-ชุมชน ,รพช.(F2),สำนักปลัดกระทรวง กระทรวงสาธารณสุข,Re-acc. ครั้งที่ 3,2568,,,,,,,,,,,,,
11027,โรงพยาบาล,หนองแสง,ต่ออายุ,อุดรธานี   ,ภาคตะวันออกเฉียงเหนือ,ภาครัฐ-ชุมชน ,รพช.(F2),สำนักปลัดกระทรวง กระทรวงสาธารณสุข,Re-acc. ครั้งที่ 3,2568,,,,,,,,,,,,,
11028,โรงพยาบาล,นายูง,ต่ออายุ,อุดรธานี   ,ภาคตะวันออกเฉียงเหนือ,ภาครัฐ-ชุมชน ,รพช.(F2),สำนักปลัดกระทรวง กระทรวงสาธารณสุข,Re-acc. ครั้งที่ 3,2568,,,,,,,,,,,,,
11029,โรงพยาบาล,พิบูลย์รักษ์,ต่ออายุ,อุดรธานี   ,ภาคตะวันออกเฉียงเหนือ,ภาครัฐ-ชุมชน ,รพช.(F2),สำนักปลัดกระทรวง กระทรวงสาธารณสุข,Re-acc. ครั้งที่ 3,2568,,,,,,,,,,,,,
11030,โรงพยาบาล,นาด้วง,ต่ออายุ,เลย   ,ภาคตะวันออกเฉียงเหนือ,ภาครัฐ-ชุมชน ,รพช.(F2),สำนักปลัดกระทรวง กระทรวงสาธารณสุข,ขั้น 3 (Accreditation),2568,,,,,,,,,,,,,
11031,โรงพยาบาล,เชียงคาน,ต่ออายุ,เลย   ,ภาคตะวันออกเฉียงเหนือ,ภาครัฐ-ชุมชน ,รพช.(F2),สำนักปลัดกระทรวง กระทรวงสาธารณสุข,Re-acc. ครั้งที่ 1,2568,,,,,,,,,,,,,
11032,โรงพยาบาล,ปากชม,ต่ออายุ,เลย   ,ภาคตะวันออกเฉียงเหนือ,ภาครัฐ-ชุมชน ,รพช.(F2),สำนักปลัดกระทรวง กระทรวงสาธารณสุข,Re-acc. ครั้งที่ 1,2568,,,,,,,,,,,,,
11033,โรงพยาบาล,นาแห้ว,ต่ออายุ,เลย   ,ภาคตะวันออกเฉียงเหนือ,ภาครัฐ-ชุมชน ,รพช.(F3),สำนักปลัดกระทรวง กระทรวงสาธารณสุข,ขั้น 3 (Accreditation),2568,,,,,,,,,,,,,
11034,โรงพยาบาล,ภูเรือ,ต่ออายุ,เลย   ,ภาคตะวันออกเฉียงเหนือ,ภาครัฐ-ชุมชน ,รพช.(F2),สำนักปลัดกระทรวง กระทรวงสาธารณสุข,Re-acc. ครั้งที่ 2,2568,,,,,,,,,,,,,
11035,โรงพยาบาล,ท่าลี่,ต่ออายุ,เลย   ,ภาคตะวันออกเฉียงเหนือ,ภาครัฐ-ชุมชน ,รพช.(F2),สำนักปลัดกระทรวง กระทรวงสาธารณสุข,ขั้น 3 (Accreditation),2568,,,,,,,,,,,,,
11036,โรงพยาบาล,วังสะพุง,ต่ออายุ,เลย   ,ภาคตะวันออกเฉียงเหนือ,ภาครัฐ-ชุมชน ,รพช.(M2),สำนักปลัดกระทรวง กระทรวงสาธารณสุข,Re-acc. ครั้งที่ 3,2568,,,,,,,,,,,,,
11037,โรงพยาบาล,ภูกระดึง,ต่ออายุ,เลย   ,ภาคตะวันออกเฉียงเหนือ,ภาครัฐ-ชุมชน ,รพช.(F2),สำนักปลัดกระทรวง กระทรวงสาธารณสุข,ขั้น 3 (Accreditation),2568,,,,,,,,,,,,,
11038,โรงพยาบาล,ภูหลวง,ต่ออายุ,เลย   ,ภาคตะวันออกเฉียงเหนือ,ภาครัฐ-ชุมชน ,รพช.(F2),สำนักปลัดกระทรวง กระทรวงสาธารณสุข,Re-acc. ครั้งที่ 3,2568,,,,,,,,,,,,,
11039,โรงพยาบาล,ผาขาว,ต่ออายุ,เลย   ,ภาคตะวันออกเฉียงเหนือ,ภาครัฐ-ชุมชน ,รพช.(F2),สำนักปลัดกระทรวง กระทรวงสาธารณสุข,Re-acc. ครั้งที่ 1,2568,,,,,,,,,,,,,
11040,โรงพยาบาล,บึงกาฬ,ต่ออายุ,บึงกาฬ,ภาคตะวันออกเฉียงเหนือ,ภาครัฐ-ทั่วไป,รพท.(S),สำนักปลัดกระทรวง กระทรวงสาธารณสุข,Re-acc. ครั้งที่ 3,2568,,,,,,,,,,,,,
11041,โรงพยาบาล,พรเจริญ,ต่ออายุ,บึงกาฬ,ภาคตะวันออกเฉียงเหนือ,ภาครัฐ-ชุมชน ,รพช.(F2),สำนักปลัดกระทรวง กระทรวงสาธารณสุข,Re-acc. ครั้งที่ 3,2568,,,,,,,,,,,,,
11042,โรงพยาบาล,โพนพิสัย,ต่ออายุ,หนองคาย   ,ภาคตะวันออกเฉียงเหนือ,ภาครัฐ-ชุมชน ,รพช.(M2),สำนักปลัดกระทรวง กระทรวงสาธารณสุข,Re-acc. ครั้งที่ 2,2568,,,,,,,,,,,,,
11043,โรงพยาบาล,โซ่พิสัย,ต่ออายุ,บึงกาฬ,ภาคตะวันออกเฉียงเหนือ,ภาครัฐ-ชุมชน ,รพช.(F1),สำนักปลัดกระทรวง กระทรวงสาธารณสุข,Re-acc. ครั้งที่ 2,2568,,,,,,,,,,,,,
11044,โรงพยาบาล,ศรีเชียงใหม่,ต่ออายุ,หนองคาย   ,ภาคตะวันออกเฉียงเหนือ,ภาครัฐ-ชุมชน ,รพช.(F2),สำนักปลัดกระทรวง กระทรวงสาธารณสุข,ขั้น 3 (Accreditation),2568,,,,,,,,,,,,,
11045,โรงพยาบาล,สังคม,ต่ออายุ,หนองคาย   ,ภาคตะวันออกเฉียงเหนือ,ภาครัฐ-ชุมชน ,รพช.(F2),สำนักปลัดกระทรวง กระทรวงสาธารณสุข,Re-acc. ครั้งที่ 2,2568,,,,,,,,,,,,,
11046,โรงพยาบาล,เซกา,ต่ออายุ,บึงกาฬ,ภาคตะวันออกเฉียงเหนือ,ภาครัฐ-ชุมชน ,รพช.(M2),สำนักปลัดกระทรวง กระทรวงสาธารณสุข,Re-acc. ครั้งที่ 1,2568,,,,,,,,,,,,,
11047,โรงพยาบาล,ปากคาด,ต่ออายุ,บึงกาฬ,ภาคตะวันออกเฉียงเหนือ,ภาครัฐ-ชุมชน ,รพช.(F2),สำนักปลัดกระทรวง กระทรวงสาธารณสุข,Re-acc. ครั้งที่ 4,2568,,,,,,,,,,,,,
11048,โรงพยาบาล,บึงโขงหลง,ต่ออายุ,บึงกาฬ,ภาคตะวันออกเฉียงเหนือ,ภาครัฐ-ชุมชน ,รพช.(F2),สำนักปลัดกระทรวง กระทรวงสาธารณสุข,Re-acc. ครั้งที่ 3,2568,,,,,,,,,,,,,
11049,โรงพยาบาล,ศรีวิไล,ต่ออายุ,บึงกาฬ,ภาคตะวันออกเฉียงเหนือ,ภาครัฐ-ชุมชน ,รพช.(F2),สำนักปลัดกระทรวง กระทรวงสาธารณสุข,Re-acc. ครั้งที่ 2,2568,,,,,,,,,,,,,
11050,โรงพยาบาล,บุ่งคล้า,ต่ออายุ,บึงกาฬ,ภาคตะวันออกเฉียงเหนือ,ภาครัฐ-ชุมชน ,รพช.(F2),สำนักปลัดกระทรวง กระทรวงสาธารณสุข,ขั้น 3 (Accreditation),2568,,,,,,,,,,,,,
11089,โรงพยาบาล,กุสุมาลย์,ต่ออายุ,สกลนคร   ,ภาคตะวันออกเฉียงเหนือ,ภาครัฐ-ชุมชน ,รพช.(F2),สำนักปลัดกระทรวง กระทรวงสาธารณสุข,Re-acc. ครั้งที่ 2,2568,,,,,,,,,,,,,
11090,โรงพยาบาล,กุดบาก,ต่ออายุ,สกลนคร   ,ภาคตะวันออกเฉียงเหนือ,ภาครัฐ-ชุมชน ,รพช.(F2),สำนักปลัดกระทรวง กระทรวงสาธารณสุข,Re-acc. ครั้งที่ 2,2568,,,,,,,,,,,,,
11091,โรงพยาบาล,"	พระอาจารย์ฝั้น อาจาโร",ต่ออายุ,"	สกลนคร",ภาคตะวันออกเฉียงเหนือ,"	ภาครัฐ-ชุมชน","	รพช.(F1)",,"	ได้รับการต่ออายุการรับรองกระบวนการคุณภาพ ครั้งที่ 3",2568,,,,,,,,,,,,,
11092,โรงพยาบาล,พังโคน,ต่ออายุ,สกลนคร   ,ภาคตะวันออกเฉียงเหนือ,ภาครัฐ-ชุมชน ,รพช.(M2),สำนักปลัดกระทรวง กระทรวงสาธารณสุข,Re-acc. ครั้งที่ 4,2568,,,,,,,,,,,,,
11093,โรงพยาบาล,วาริชภูมิ,ต่ออายุ,สกลนคร   ,ภาคตะวันออกเฉียงเหนือ,ภาครัฐ-ชุมชน ,รพช.(F2),สำนักปลัดกระทรวง กระทรวงสาธารณสุข,Re-acc. ครั้งที่ 3,2568,,,,,,,,,,,,,
11095,โรงพยาบาล,วานรนิวาส,ต่ออายุ,สกลนคร   ,ภาคตะวันออกเฉียงเหนือ,ภาครัฐ-ทั่วไป,รพท.(M1),สำนักปลัดกระทรวง กระทรวงสาธารณสุข,Re-acc. ครั้งที่ 4,2568,,,,,,,,,,,,,
11096,โรงพยาบาล,คำตากล้า,ต่ออายุ,สกลนคร   ,ภาคตะวันออกเฉียงเหนือ,ภาครัฐ-ชุมชน ,รพช.(F2),สำนักปลัดกระทรวง กระทรวงสาธารณสุข,Re-acc. ครั้งที่ 3,2568,,,,,,,,,,,,,
11097,โรงพยาบาล,พระอาจารย์มั่น ภูริทัตโต,ต่ออายุ,สกลนคร   ,ภาคตะวันออกเฉียงเหนือ,ภาครัฐ-ชุมชน ,รพช.(F1),สำนักปลัดกระทรวง กระทรวงสาธารณสุข,Re-acc. ครั้งที่ 3,2568,,,,,,,,,,,,,
11098,โรงพยาบาล,อากาศอำนวย,ต่ออายุ,สกลนคร   ,ภาคตะวันออกเฉียงเหนือ,ภาครัฐ-ชุมชน ,รพช.(F1),สำนักปลัดกระทรวง กระทรวงสาธารณสุข,Re-acc. ครั้งที่ 3,2568,,,,,,,,,,,,,
11099,โรงพยาบาล,พระอาจารย์วัน อุตฺตโม,ต่ออายุ,สกลนคร   ,ภาคตะวันออกเฉียงเหนือ,ภาครัฐ-ชุมชน ,รพช.(F2),สำนักปลัดกระทรวง กระทรวงสาธารณสุข,Re-acc. ครั้งที่ 3,2568,,,,,,,,,,,,,
11100,โรงพยาบาล,เต่างอย,ต่ออายุ,สกลนคร   ,ภาคตะวันออกเฉียงเหนือ,ภาครัฐ-ชุมชน ,รพช.(F2),สำนักปลัดกระทรวง กระทรวงสาธารณสุข,Re-acc. ครั้งที่ 2,2568,,,,,,,,,,,,,
11101,โรงพยาบาล,โคกศรีสุพรรณ,ต่ออายุ,สกลนคร   ,ภาคตะวันออกเฉียงเหนือ,ภาครัฐ-ชุมชน ,รพช.(F2),สำนักปลัดกระทรวง กระทรวงสาธารณสุข,Re-acc. ครั้งที่ 3,2568,,,,,,,,,,,,,
11103,โรงพยาบาล,โพนนาแก้ว,ต่ออายุ,สกลนคร   ,ภาคตะวันออกเฉียงเหนือ,ภาครัฐ-ชุมชน ,รพช.(F2),สำนักปลัดกระทรวง กระทรวงสาธารณสุข,Re-acc. ครั้งที่ 3,2568,,,,,,,,,,,,,
11104,โรงพยาบาล,ปลาปาก,ต่ออายุ,นครพนม   ,ภาคตะวันออกเฉียงเหนือ,ภาครัฐ-ชุมชน ,รพช.(F2),สำนักปลัดกระทรวง กระทรวงสาธารณสุข,Re-acc. ครั้งที่ 3,2568,,,,,,,,,,,,,
11105,โรงพยาบาล,ท่าอุเทน,ต่ออายุ,นครพนม   ,ภาคตะวันออกเฉียงเหนือ,ภาครัฐ-ชุมชน ,รพช.(F2),สำนักปลัดกระทรวง กระทรวงสาธารณสุข,Re-acc. ครั้งที่ 2,2568,,,,,,,,,,,,,
11106,โรงพยาบาล,บ้านแพง,ต่ออายุ,นครพนม   ,ภาคตะวันออกเฉียงเหนือ,ภาครัฐ-ชุมชน ,รพช.(F2),สำนักปลัดกระทรวง กระทรวงสาธารณสุข,Re-acc. ครั้งที่ 2,2568,,,,,,,,,,,,,
11107,โรงพยาบาล,นาทม,ต่ออายุ,นครพนม   ,ภาคตะวันออกเฉียงเหนือ,ภาครัฐ-ชุมชน ,รพช.(F2),สำนักปลัดกระทรวง กระทรวงสาธารณสุข,ขั้น 3 (Accreditation),2568,,,,,,,,,,,,,
11108,โรงพยาบาล,เรณูนคร,ต่ออายุ,นครพนม   ,ภาคตะวันออกเฉียงเหนือ,ภาครัฐ-ชุมชน ,รพช.(F2),สำนักปลัดกระทรวง กระทรวงสาธารณสุข,Re-acc. ครั้งที่ 2,2568,,,,,,,,,,,,,
11109,โรงพยาบาล,นาแก,ต่ออายุ,นครพนม   ,ภาคตะวันออกเฉียงเหนือ,ภาครัฐ-ชุมชน ,รพช.(F2),สำนักปลัดกระทรวง กระทรวงสาธารณสุข,ขั้น 3 (Accreditation),2568,,,,,,,,,,,,,
11110,โรงพยาบาล,ศรีสงคราม,ต่ออายุ,นครพนม   ,ภาคตะวันออกเฉียงเหนือ,ภาครัฐ-ชุมชน ,รพช.(M2),สำนักปลัดกระทรวง กระทรวงสาธารณสุข,Re-acc. ครั้งที่ 2,2568,,,,,,,,,,,,,
11111,โรงพยาบาล,นาหว้า,ต่ออายุ,นครพนม   ,ภาคตะวันออกเฉียงเหนือ,ภาครัฐ-ชุมชน ,รพช.(F2),สำนักปลัดกระทรวง กระทรวงสาธารณสุข,ขั้น 3 (Accreditation),2568,,,,,,,,,,,,,
11112,โรงพยาบาล,โพนสวรรค์,ต่ออายุ,นครพนม   ,ภาคตะวันออกเฉียงเหนือ,ภาครัฐ-ชุมชน ,รพช.(F2),สำนักปลัดกระทรวง กระทรวงสาธารณสุข,Re-acc. ครั้งที่ 2,2568,,,,,,,,,,,,,
11446,โรงพยาบาล,สมเด็จพระยุพราชบ้านดุง,ต่ออายุ,อุดรธานี   ,ภาคตะวันออกเฉียงเหนือ,ภาครัฐ-ชุมชน ,รพช.(M2),สำนักปลัดกระทรวง กระทรวงสาธารณสุข,Re-acc. ครั้งที่ 4,2568,,,,,,,,,,,,,
11447,โรงพยาบาล,สมเด็จพระยุพราชด่านซ้าย,ต่ออายุ,เลย   ,ภาคตะวันออกเฉียงเหนือ,ภาครัฐ-ชุมชน ,รพช.(M2),สำนักปลัดกระทรวง กระทรวงสาธารณสุข,Re-acc. ครั้งที่ 5,2568,,,,,,,,,,,,,
11450,โรงพยาบาล,สมเด็จพระยุพราชสว่างแดนดิน,ต่ออายุ,สกลนคร   ,ภาคตะวันออกเฉียงเหนือ,ภาครัฐ-ทั่วไป,รพท.(S),สำนักปลัดกระทรวง กระทรวงสาธารณสุข,Re-acc. ครั้งที่ 5,2568,,,,,,,,,,,,,
11451,โรงพยาบาล,สมเด็จพระยุพราชธาตุพนม,ต่ออายุ,นครพนม   ,ภาคตะวันออกเฉียงเหนือ,ภาครัฐ-ชุมชน ,รพช.(M2),สำนักปลัดกระทรวง กระทรวงสาธารณสุข,ขั้น 3 (Accreditation),2568,,,,,,,,,,,,,
11501,โรงพยาบาล,ค่ายประจักษ์ศิลปาคม,ต่ออายุ,อุดรธานี   ,ภาคตะวันออกเฉียงเหนือ,ภาครัฐ-ทั่วไป,รพท.(S),กรมแพทย์ทหารบก กระทรวงกลาโหม,Re-acc. ครั้งที่ 7,2568,,,,,,,,,,,,,
11502,โรงพยาบาล,ค่ายศรีสองรัก,ต่ออายุ,เลย   ,ภาคตะวันออกเฉียงเหนือ,ภาครัฐ-ชุมชน ,รพ.ระดับเทียบเท่า รพช.,กรมแพทย์ทหารบก กระทรวงกลาโหม,Re-acc. ครั้งที่ 1,2568,,,,,,,,,,,,,
11505,โรงพยาบาล,ค่ายกฤษณ์สีวะรา,ต่ออายุ,สกลนคร   ,ภาคตะวันออกเฉียงเหนือ,ภาครัฐ-ชุมชน ,รพช.(M2),กรมแพทย์ทหารบก กระทรวงกลาโหม,Re-acc. ครั้งที่ 3,2568,,,,,,,,,,,,,
11506,โรงพยาบาล,ค่ายพระยอดเมืองขวาง,ต่ออายุ,นครพนม   ,ภาคตะวันออกเฉียงเหนือ,ภาครัฐ-ชุมชน ,รพช.(F2),กรมแพทย์ทหารบก กระทรวงกลาโหม,ขั้น 2,2568,,,,,,,,,,,,,
11939,โรงพยาบาล,นอร์ทอีสเทอร์นวัฒนา,ต่ออายุ,อุดรธานี   ,ภาคตะวันออกเฉียงเหนือ,ภาคเอกชน,เอกชนระดับเทียบเท่า รพศ.,เอกชน,Re-acc. ครั้งที่ 3,2568,,,,,,,,,,,,,
11953,โรงพยาบาล,กรุงเทพอุดร,N/A,อุดรธานี,ภาคตะวันออกเฉียงเหนือ,ภาคเอกชน,ภาคเอกชน,เอกชน-profit (จัดตั้งโดยบริษัท),ได้รับการต่ออายุการรับรองกระบวนการคุณภาพ ครั้งที่ 1,2568,,,,,,,,,,,,,
11957,โรงพยาบาล,หนองคายวัฒนา,ต่ออายุ,หนองคาย   ,ภาคตะวันออกเฉียงเหนือ,ภาคเอกชน,เอกชนระดับเทียบเท่า รพท.,เอกชน,ขั้น 2,2568,,,,,,,,,,,,,
12276,โรงพยาบาล,มะเร็งอุดรธานี,ต่ออายุ,อุดรธานี   ,ภาคตะวันออกเฉียงเหนือ,ภาครัฐ-ตติยภูมิ ,สถาบันเฉพาะทาง,กรมการแพทย์ กระทรวงสาธารณสุข,Re-acc. ครั้งที่ 2,2568,,,,,,,,,,,,,
12277,โรงพยาบาล,จิตเวชนครพนมราชนครินทร์,ต่ออายุ,นครพนม   ,ภาคตะวันออกเฉียงเหนือ,ภาครัฐ-ตติยภูมิ ,สถาบันเฉพาะทาง,กรมสุขภาพจิต กระทรวงสาธารณสุข,Re-acc. ครั้งที่ 3,2568,,,,,,,,,,,,,
14133,โรงพยาบาล,เอราวัณ,ต่ออายุ,เลย   ,ภาคตะวันออกเฉียงเหนือ,ภาครัฐ-ชุมชน ,รพช.(F2),สำนักปลัดกระทรวง กระทรวงสาธารณสุข,Re-acc. ครั้งที่ 2,2568,,,,,,,,,,,,,
14644,โรงพยาบาล,จิตเวชเลยราชนครินทร์,ต่ออายุ,เลย   ,ภาคตะวันออกเฉียงเหนือ,ภาครัฐ-ตติยภูมิ ,สถาบันเฉพาะทาง,กรมสุขภาพจิต กระทรวงสาธารณสุข,Re-acc. ครั้งที่ 3,2568,,,,,,,,,,,,,
21323,โรงพยาบาล,พระอาจารย์แบน  ธนากโร,ต่ออายุ,สกลนคร   ,ภาคตะวันออกเฉียงเหนือ,ภาครัฐ-ชุมชน ,รพช.(F2),สำนักปลัดกระทรวง กระทรวงสาธารณสุข,Re-acc. ครั้งที่ 3,2568,,,,,,,,,,,,,
21356,โรงพยาบาล,สระใคร,สมัครใหม่,หนองคาย   ,ภาคตะวันออกเฉียงเหนือ,ภาครัฐ-ชุมชน ,รพช.(F2),สำนักปลัดกระทรวง กระทรวงสาธารณสุข,Re-acc. ครั้งที่ 2,2568,,,,,,,,,,,,,
23367,โรงพยาบาล,นาวังเฉลิมพระเกียรติ ๘๐ พรรษา,ต่ออายุ,หนองบัวลำภู   ,ภาคตะวันออกเฉียงเหนือ,ภาครัฐ-ชุมชน ,รพช.(F2),สำนักปลัดกระทรวง กระทรวงสาธารณสุข,Re-acc. ครั้งที่ 2,2568,,,,,,,,,,,,,
23951,โรงพยาบาล,ธัญญารักษ์อุดรธานี,ต่ออายุ,อุดรธานี   ,ภาคตะวันออกเฉียงเหนือ,ภาครัฐ-ตติยภูมิ ,สถาบันเฉพาะทาง,กรมการแพทย์ กระทรวงสาธารณสุข,Re-acc. ครั้งที่ 1,2568,,,,,,,,,,,,,
25058,โรงพยาบาล,กู่แก้ว,ต่ออายุ,อุดรธานี   ,ภาคตะวันออกเฉียงเหนือ,ภาครัฐ-ชุมชน ,รพช.(F2),สำนักปลัดกระทรวง กระทรวงสาธารณสุข,ขั้น 3 (Accreditation),2568,,,,,,,,,,,,,
25059,โรงพยาบาล,ประจักษ์ศิลปาคม,ต่ออายุ,อุดรธานี   ,ภาคตะวันออกเฉียงเหนือ,ภาครัฐ-ชุมชน ,รพช.(F3),สำนักปลัดกระทรวง กระทรวงสาธารณสุข,ขั้น 2,2568,,,,,,,,,,,,,
4007,โรงพยาบาล,ซับใหญ่,ต่ออายุ,ชัยภูมิ   ,ภาคตะวันออกเฉียงเหนือ,ภาครัฐ-ชุมชน ,รพช.(F3),สำนักปลัดกระทรวง กระทรวงสาธารณสุข,ขั้น 2,2568,,,,,,,,,,,,,
10666,โรงพยาบาล,มหาราชนครราชสีมา,ต่ออายุ,นครราชสีมา   ,ภาคตะวันออกเฉียงเหนือ,ภาครัฐ-Advance (มีการเรียนการสอน) ,รพ.รร.แพทย์ มีการเรียน-สอนครบทุกสาขา,สำนักปลัดกระทรวง กระทรวงสาธารณสุข,Re-acc. ครั้งที่ 3,2568,,,,,,,,,,,,,
10667,โรงพยาบาล,บุรีรัมย์,ต่ออายุ,บุรีรัมย์   ,ภาคตะวันออกเฉียงเหนือ,ภาครัฐ-ตติยภูมิ ,รพศ.(A),สำนักปลัดกระทรวง กระทรวงสาธารณสุข,Re-acc. ครั้งที่ 3,2568,,,,,,,,,,,,,
10668,โรงพยาบาล,สุรินทร์,ต่ออายุ,สุรินทร์   ,ภาคตะวันออกเฉียงเหนือ,ภาครัฐ-Advance (มีการเรียนการสอน) ,รพศ.(A) มีการเรียน-สอนครบทุกสาขา,สำนักปลัดกระทรวง กระทรวงสาธารณสุข,Re-acc. ครั้งที่ 5,2568,,,,,,,,,,,,,
10702,โรงพยาบาล,ชัยภูมิ,ต่ออายุ,ชัยภูมิ   ,ภาคตะวันออกเฉียงเหนือ,ภาครัฐ-ตติยภูมิ ,รพศ.(A),สำนักปลัดกระทรวง กระทรวงสาธารณสุข,Re-acc. ครั้งที่ 3,2568,,,,,,,,,,,,,
10872,โรงพยาบาล,เสิงสาง,ต่ออายุ,นครราชสีมา   ,ภาคตะวันออกเฉียงเหนือ,ภาครัฐ-ชุมชน ,รพช.(F2),สำนักปลัดกระทรวง กระทรวงสาธารณสุข,Re-acc. ครั้งที่ 3,2568,,,,,,,,,,,,,
10873,โรงพยาบาล,คง,ต่ออายุ,นครราชสีมา   ,ภาคตะวันออกเฉียงเหนือ,ภาครัฐ-ชุมชน ,รพช.(F2),สำนักปลัดกระทรวง กระทรวงสาธารณสุข,Re-acc. ครั้งที่ 1,2568,,,,,,,,,,,,,
10875,โรงพยาบาล,จักราช,ต่ออายุ,นครราชสีมา   ,ภาคตะวันออกเฉียงเหนือ,ภาครัฐ-ชุมชน ,รพช.(F1),สำนักปลัดกระทรวง กระทรวงสาธารณสุข,Re-acc. ครั้งที่ 5,2568,,,,,,,,,,,,,
10876,โรงพยาบาล,โชคชัย,ต่ออายุ,นครราชสีมา   ,ภาคตะวันออกเฉียงเหนือ,ภาครัฐ-ชุมชน ,รพช.(M2),สำนักปลัดกระทรวง กระทรวงสาธารณสุข,Re-acc. ครั้งที่ 4,2568,,,,,,,,,,,,,
10877,โรงพยาบาล,หลวงพ่อคูณ ปริสุทฺโธ,ต่ออายุ,นครราชสีมา   ,ภาคตะวันออกเฉียงเหนือ,ภาครัฐ-ชุมชน ,รพช.(M2),สำนักปลัดกระทรวง กระทรวงสาธารณสุข,Re-acc. ครั้งที่ 5,2568,,,,,,,,,,,,,
10878,โรงพยาบาล,โนนไทย,ต่ออายุ,นครราชสีมา   ,ภาคตะวันออกเฉียงเหนือ,ภาครัฐ-ชุมชน ,รพช.(F1),สำนักปลัดกระทรวง กระทรวงสาธารณสุข,Re-acc. ครั้งที่ 2,2568,,,,,,,,,,,,,
10880,โรงพยาบาล,ขามสะแกแสง,สมัครใหม่,นครราชสีมา   ,ภาคตะวันออกเฉียงเหนือ,ภาครัฐ-ชุมชน ,รพช.(F2),สำนักปลัดกระทรวง กระทรวงสาธารณสุข,Re-acc. ครั้งที่ 2,2568,,,,,,,,,,,,,
10881,โรงพยาบาล,บัวใหญ่,ต่ออายุ,นครราชสีมา   ,ภาคตะวันออกเฉียงเหนือ,ภาครัฐ-ทั่วไป,รพท.(M1),สำนักปลัดกระทรวง กระทรวงสาธารณสุข,Re-acc. ครั้งที่ 4,2568,,,,,,,,,,,,,
10882,โรงพยาบาล,ประทาย,ต่ออายุ,นครราชสีมา   ,ภาคตะวันออกเฉียงเหนือ,ภาครัฐ-ชุมชน ,รพช.(F1),สำนักปลัดกระทรวง กระทรวงสาธารณสุข,Re-acc. ครั้งที่ 4,2568,,,,,,,,,,,,,
10883,โรงพยาบาล,ปักธงชัย,ต่ออายุ,นครราชสีมา   ,ภาคตะวันออกเฉียงเหนือ,ภาครัฐ-ชุมชน ,รพช.(F1),สำนักปลัดกระทรวง กระทรวงสาธารณสุข,Re-acc. ครั้งที่ 2,2568,,,,,,,,,,,,,
10884,โรงพยาบาล,พิมาย,ต่ออายุ,นครราชสีมา   ,ภาคตะวันออกเฉียงเหนือ,ภาครัฐ-ทั่วไป,รพท.(M1),สำนักปลัดกระทรวง กระทรวงสาธารณสุข,Re-acc. ครั้งที่ 3,2568,,,,,,,,,,,,,
10885,โรงพยาบาล,ห้วยแถลง,ต่ออายุ,นครราชสีมา   ,ภาคตะวันออกเฉียงเหนือ,ภาครัฐ-ชุมชน ,รพช.(F1),สำนักปลัดกระทรวง กระทรวงสาธารณสุข,Re-acc. ครั้งที่ 1,2568,,,,,,,,,,,,,
10886,โรงพยาบาล,ชุมพวง,ต่ออายุ,นครราชสีมา   ,ภาคตะวันออกเฉียงเหนือ,ภาครัฐ-ชุมชน ,รพช.(F1),สำนักปลัดกระทรวง กระทรวงสาธารณสุข,Re-acc. ครั้งที่ 5,2568,,,,,,,,,,,,,
10887,โรงพยาบาล,สูงเนิน,ต่ออายุ,นครราชสีมา   ,ภาคตะวันออกเฉียงเหนือ,ภาครัฐ-ชุมชน ,รพช.(F1),สำนักปลัดกระทรวง กระทรวงสาธารณสุข,Re-acc. ครั้งที่ 5,2568,,,,,,,,,,,,,
10888,โรงพยาบาล,ขามทะเลสอ,ต่ออายุ,นครราชสีมา   ,ภาคตะวันออกเฉียงเหนือ,ภาครัฐ-ชุมชน ,รพช.(F2),สำนักปลัดกระทรวง กระทรวงสาธารณสุข,Re-acc. ครั้งที่ 2,2568,,,,,,,,,,,,,
10889,โรงพยาบาล,สีคิ้ว,ต่ออายุ,นครราชสีมา   ,ภาคตะวันออกเฉียงเหนือ,ภาครัฐ-ทั่วไป,รพท.(M1),สำนักปลัดกระทรวง กระทรวงสาธารณสุข,Re-acc. ครั้งที่ 4,2568,,,,,,,,,,,,,
10890,โรงพยาบาล,ปากช่องนานา,ต่ออายุ,นครราชสีมา   ,ภาคตะวันออกเฉียงเหนือ,ภาครัฐ-ทั่วไป,รพท.(S),สำนักปลัดกระทรวง กระทรวงสาธารณสุข,Re-acc. ครั้งที่ 2,2568,,,,,,,,,,,,,
10891,โรงพยาบาล,หนองบุญมาก ,ต่ออายุ,นครราชสีมา   ,ภาคตะวันออกเฉียงเหนือ,ภาครัฐ-ชุมชน ,รพช.(F1),สำนักปลัดกระทรวง กระทรวงสาธารณสุข,Re-acc. ครั้งที่ 2,2568,,,,,,,,,,,,,
10892,โรงพยาบาล,แก้งสนามนาง,ต่ออายุ,นครราชสีมา   ,ภาคตะวันออกเฉียงเหนือ,ภาครัฐ-ชุมชน ,รพช.(F2),สำนักปลัดกระทรวง กระทรวงสาธารณสุข,Re-acc. ครั้งที่ 1,2568,,,,,,,,,,,,,
10893,โรงพยาบาล,โนนแดง,ต่ออายุ,นครราชสีมา   ,ภาคตะวันออกเฉียงเหนือ,ภาครัฐ-ชุมชน ,รพช.(F2),สำนักปลัดกระทรวง กระทรวงสาธารณสุข,Re-acc. ครั้งที่ 5,2568,,,,,,,,,,,,,
10894,โรงพยาบาล,วังน้ำเขียว,ต่ออายุ,นครราชสีมา   ,ภาคตะวันออกเฉียงเหนือ,ภาครัฐ-ชุมชน ,รพช.(F2),สำนักปลัดกระทรวง กระทรวงสาธารณสุข,Re-acc. ครั้งที่ 4,2568,,,,,,,,,,,,,
10895,โรงพยาบาล,คูเมือง,ต่ออายุ,บุรีรัมย์   ,ภาคตะวันออกเฉียงเหนือ,ภาครัฐ-ชุมชน ,รพช.(F1),สำนักปลัดกระทรวง กระทรวงสาธารณสุข,Re-acc. ครั้งที่ 3,2568,,,,,,,,,,,,,
10896,โรงพยาบาล,กระสัง,ต่ออายุ,บุรีรัมย์   ,ภาคตะวันออกเฉียงเหนือ,ภาครัฐ-ชุมชน ,รพช.(F1),สำนักปลัดกระทรวง กระทรวงสาธารณสุข,Re-acc. ครั้งที่ 4,2568,,,,,,,,,,,,,
10897,โรงพยาบาล,นางรอง,ต่ออายุ,บุรีรัมย์   ,ภาคตะวันออกเฉียงเหนือ,ภาครัฐ-ทั่วไป,รพท.(S),สำนักปลัดกระทรวง กระทรวงสาธารณสุข,Re-acc. ครั้งที่ 1,2568,,,,,,,,,,,,,
10898,โรงพยาบาล,หนองกี่,ต่ออายุ,บุรีรัมย์   ,ภาคตะวันออกเฉียงเหนือ,ภาครัฐ-ชุมชน ,รพช.(F1),สำนักปลัดกระทรวง กระทรวงสาธารณสุข,Re-acc. ครั้งที่ 3,2568,,,,,,,,,,,,,
10899,โรงพยาบาล,ละหานทราย,ต่ออายุ,บุรีรัมย์   ,ภาคตะวันออกเฉียงเหนือ,ภาครัฐ-ชุมชน ,รพช.(M2),สำนักปลัดกระทรวง กระทรวงสาธารณสุข,Re-acc. ครั้งที่ 4,2568,,,,,,,,,,,,,
10900,โรงพยาบาล,ประโคนชัย,ต่ออายุ,บุรีรัมย์   ,ภาคตะวันออกเฉียงเหนือ,ภาครัฐ-ชุมชน ,รพช.(M2),สำนักปลัดกระทรวง กระทรวงสาธารณสุข,Re-acc. ครั้งที่ 3,2568,,,,,,,,,,,,,
10901,โรงพยาบาล,บ้านกรวด,ต่ออายุ,บุรีรัมย์   ,ภาคตะวันออกเฉียงเหนือ,ภาครัฐ-ชุมชน ,รพช.(F1),สำนักปลัดกระทรวง กระทรวงสาธารณสุข,Re-acc. ครั้งที่ 3,2568,,,,,,,,,,,,,
10902,โรงพยาบาล,พุทไธสง,ต่ออายุ,บุรีรัมย์   ,ภาคตะวันออกเฉียงเหนือ,ภาครัฐ-ชุมชน ,รพช.(F1),สำนักปลัดกระทรวง กระทรวงสาธารณสุข,Re-acc. ครั้งที่ 4,2568,,,,,,,,,,,,,
10904,โรงพยาบาล,ลำปลายมาศ,ต่ออายุ,บุรีรัมย์   ,ภาคตะวันออกเฉียงเหนือ,ภาครัฐ-ชุมชน ,รพช.(M2),สำนักปลัดกระทรวง กระทรวงสาธารณสุข,Re-acc. ครั้งที่ 4,2568,,,,,,,,,,,,,
10915,โรงพยาบาล,ชุมพลบุรี,ต่ออายุ,สุรินทร์   ,ภาคตะวันออกเฉียงเหนือ,ภาครัฐ-ชุมชน ,รพช.(F1),สำนักปลัดกระทรวง กระทรวงสาธารณสุข,Re-acc. ครั้งที่ 4,2568,,,,,,,,,,,,,
10916,โรงพยาบาล,ท่าตูม,ต่ออายุ,สุรินทร์   ,ภาคตะวันออกเฉียงเหนือ,ภาครัฐ-ชุมชน ,รพช.(M2),สำนักปลัดกระทรวง กระทรวงสาธารณสุข,Re-acc. ครั้งที่ 1,2568,,,,,,,,,,,,,
10917,โรงพยาบาล,จอมพระ,ต่ออายุ,สุรินทร์   ,ภาคตะวันออกเฉียงเหนือ,ภาครัฐ-ชุมชน ,รพช.(F2),สำนักปลัดกระทรวง กระทรวงสาธารณสุข,Re-acc. ครั้งที่ 1,2568,,,,,,,,,,,,,
10918,โรงพยาบาล,ปราสาท,ต่ออายุ,สุรินทร์   ,ภาคตะวันออกเฉียงเหนือ,ภาครัฐ-ทั่วไป,รพท.(M1),สำนักปลัดกระทรวง กระทรวงสาธารณสุข,Re-acc. ครั้งที่ 2,2568,,,,,,,,,,,,,
10919,โรงพยาบาล,กาบเชิง,ต่ออายุ,สุรินทร์   ,ภาคตะวันออกเฉียงเหนือ,ภาครัฐ-ชุมชน ,รพช.(F1),สำนักปลัดกระทรวง กระทรวงสาธารณสุข,Re-acc. ครั้งที่ 3,2568,,,,,,,,,,,,,
10922,โรงพยาบาล,ศีขรภูมิ,ต่ออายุ,สุรินทร์   ,ภาคตะวันออกเฉียงเหนือ,ภาครัฐ-ทั่วไป,รพท.(M1),สำนักปลัดกระทรวง กระทรวงสาธารณสุข,ขั้น 3 (Accreditation),2568,,,,,,,,,,,,,
10923,โรงพยาบาล,สังขะ,ต่ออายุ,สุรินทร์   ,ภาคตะวันออกเฉียงเหนือ,ภาครัฐ-ชุมชน ,รพช.(M2),สำนักปลัดกระทรวง กระทรวงสาธารณสุข,Re-acc. ครั้งที่ 3,2568,,,,,,,,,,,,,
10924,โรงพยาบาล,ลำดวน,ต่ออายุ,สุรินทร์   ,ภาคตะวันออกเฉียงเหนือ,ภาครัฐ-ชุมชน ,รพช.(F1),สำนักปลัดกระทรวง กระทรวงสาธารณสุข,ขั้น 2,2568,,,,,,,,,,,,,
10925,โรงพยาบาล,สำโรงทาบ,ต่ออายุ,สุรินทร์   ,ภาคตะวันออกเฉียงเหนือ,ภาครัฐ-ชุมชน ,รพช.(F2),สำนักปลัดกระทรวง กระทรวงสาธารณสุข,Re-acc. ครั้งที่ 3,2568,,,,,,,,,,,,,
10926,โรงพยาบาล,บัวเชด,ต่ออายุ,สุรินทร์   ,ภาคตะวันออกเฉียงเหนือ,ภาครัฐ-ชุมชน ,รพช.(F2),สำนักปลัดกระทรวง กระทรวงสาธารณสุข,Re-acc. ครั้งที่ 2,2568,,,,,,,,,,,,,
10970,โรงพยาบาล,บ้านเขว้า,ต่ออายุ,ชัยภูมิ   ,ภาคตะวันออกเฉียงเหนือ,ภาครัฐ-ชุมชน ,รพช.(F2),สำนักปลัดกระทรวง กระทรวงสาธารณสุข,Re-acc. ครั้งที่ 2,2568,,,,,,,,,,,,,
10971,โรงพยาบาล,คอนสวรรค์,ต่ออายุ,ชัยภูมิ   ,ภาคตะวันออกเฉียงเหนือ,ภาครัฐ-ชุมชน ,รพช.(F2),สำนักปลัดกระทรวง กระทรวงสาธารณสุข,Re-acc. ครั้งที่ 2,2568,,,,,,,,,,,,,
10972,โรงพยาบาล,เกษตรสมบูรณ์,ต่ออายุ,ชัยภูมิ   ,ภาคตะวันออกเฉียงเหนือ,ภาครัฐ-ชุมชน ,รพช.(F2),สำนักปลัดกระทรวง กระทรวงสาธารณสุข,Re-acc. ครั้งที่ 2,2568,,,,,,,,,,,,,
10973,โรงพยาบาล,หนองบัวแดง,ต่ออายุ,ชัยภูมิ   ,ภาคตะวันออกเฉียงเหนือ,ภาครัฐ-ชุมชน ,รพช.(M2),สำนักปลัดกระทรวง กระทรวงสาธารณสุข,Re-acc. ครั้งที่ 2,2568,,,,,,,,,,,,,
10974,โรงพยาบาล,จัตุรัส,ต่ออายุ,ชัยภูมิ   ,ภาคตะวันออกเฉียงเหนือ,ภาครัฐ-ชุมชน ,รพช.(M2),สำนักปลัดกระทรวง กระทรวงสาธารณสุข,Re-acc. ครั้งที่ 2,2568,,,,,,,,,,,,,
10975,โรงพยาบาล,บำเหน็จณรงค์,ต่ออายุ,ชัยภูมิ   ,ภาคตะวันออกเฉียงเหนือ,ภาครัฐ-ชุมชน ,รพช.(F1),สำนักปลัดกระทรวง กระทรวงสาธารณสุข,Re-acc. ครั้งที่ 2,2568,,,,,,,,,,,,,
10976,โรงพยาบาล,หนองบัวระเหว,ต่ออายุ,ชัยภูมิ   ,ภาคตะวันออกเฉียงเหนือ,ภาครัฐ-ชุมชน ,รพช.(F2),สำนักปลัดกระทรวง กระทรวงสาธารณสุข,Re-acc. ครั้งที่ 6,2568,,,,,,,,,,,,,
10977,โรงพยาบาล,เทพสถิต,ต่ออายุ,ชัยภูมิ   ,ภาคตะวันออกเฉียงเหนือ,ภาครัฐ-ชุมชน ,รพช.(F2),สำนักปลัดกระทรวง กระทรวงสาธารณสุข,Re-acc. ครั้งที่ 1,2568,,,,,,,,,,,,,
10978,โรงพยาบาล,ภูเขียวเฉลิมพระเกียรติ,ต่ออายุ,ชัยภูมิ   ,ภาคตะวันออกเฉียงเหนือ,ภาครัฐ-ทั่วไป,รพท.(M1),สำนักปลัดกระทรวง กระทรวงสาธารณสุข,Re-acc. ครั้งที่ 2,2568,,,,,,,,,,,,,
10979,โรงพยาบาล,บ้านแท่น,ต่ออายุ,ชัยภูมิ   ,ภาคตะวันออกเฉียงเหนือ,ภาครัฐ-ชุมชน ,รพช.(F2),สำนักปลัดกระทรวง กระทรวงสาธารณสุข,Re-acc. ครั้งที่ 2,2568,,,,,,,,,,,,,
10980,โรงพยาบาล,แก้งคร้อ,ต่ออายุ,ชัยภูมิ   ,ภาคตะวันออกเฉียงเหนือ,ภาครัฐ-ชุมชน ,รพช.(M2),สำนักปลัดกระทรวง กระทรวงสาธารณสุข,Re-acc. ครั้งที่ 5,2568,,,,,,,,,,,,,
10981,โรงพยาบาล,คอนสาร,ต่ออายุ,ชัยภูมิ   ,ภาคตะวันออกเฉียงเหนือ,ภาครัฐ-ชุมชน ,รพช.(F1),สำนักปลัดกระทรวง กระทรวงสาธารณสุข,Re-acc. ครั้งที่ 3,2568,,,,,,,,,,,,,
10982,โรงพยาบาล,ภักดีชุมพล,ต่ออายุ,ชัยภูมิ   ,ภาคตะวันออกเฉียงเหนือ,ภาครัฐ-ชุมชน ,รพช.(F2),สำนักปลัดกระทรวง กระทรวงสาธารณสุข,Re-acc. ครั้งที่ 3,2568,,,,,,,,,,,,,
10983,โรงพยาบาล,เนินสง่า,ต่ออายุ,ชัยภูมิ   ,ภาคตะวันออกเฉียงเหนือ,ภาครัฐ-ชุมชน ,รพช.(F2),สำนักปลัดกระทรวง กระทรวงสาธารณสุข,Re-acc. ครั้งที่ 3,2568,,,,,,,,,,,,,
11492,โรงพยาบาล,ค่ายสุรนารี นครราชสีมา,ต่ออายุ,นครราชสีมา   ,ภาคตะวันออกเฉียงเหนือ,ภาครัฐ-ทั่วไป,รพท.(M1),กรมแพทย์ทหารบก กระทรวงกลาโหม,Re-acc. ครั้งที่ 6,2568,,,,,,,,,,,,,
11493,โรงพยาบาล,ค่ายสมเด็จเจ้าพระยามหากษัตริย์ศึก,ต่ออายุ,บุรีรัมย์   ,ภาคตะวันออกเฉียงเหนือ,ภาครัฐ-ชุมชน ,รพช.(F2),กรมแพทย์ทหารบก กระทรวงกลาโหม,Re-acc. ครั้งที่ 3,2568,,,,,,,,,,,,,
11494,โรงพยาบาล,ค่ายวีรวัฒน์โยธิน,ต่ออายุ,สุรินทร์   ,ภาคตะวันออกเฉียงเหนือ,ภาครัฐ-ชุมชน ,รพช.(F2),กรมแพทย์ทหารบก กระทรวงกลาโหม,Re-acc. ครั้งที่ 2,2568,,,,,,,,,,,,,
11602,โรงพยาบาล,เฉลิมพระเกียรติสมเด็จย่า 100 ปี,ต่ออายุ,นครราชสีมา   ,ภาคตะวันออกเฉียงเหนือ,ภาครัฐ-ชุมชน ,รพช.(F2),สำนักปลัดกระทรวง กระทรวงสาธารณสุข,Re-acc. ครั้งที่ 2,2568,,,,,,,,,,,,,
11619,โรงพยาบาล,เฉลิมพระเกียรติ จ.บุรีรัมย์,ต่ออายุ,บุรีรัมย์   ,ภาคตะวันออกเฉียงเหนือ,ภาครัฐ-ชุมชน ,รพช.(F2),สำนักปลัดกระทรวง กระทรวงสาธารณสุข,Re-acc. ครั้งที่ 2,2568,,,,,,,,,,,,,
11888,โรงพยาบาล,เซนต์เมรี่,ต่ออายุ,นครราชสีมา   ,ภาคตะวันออกเฉียงเหนือ,ภาคเอกชน,เอกชนระดับเทียบเท่า รพท.,เอกชน,Re-acc. ครั้งที่ 4,2568,,,,,,,,,,,,,
11907,โรงพยาบาล,บุรีรัมย์ ราม,ต่ออายุ,บุรีรัมย์   ,ภาคตะวันออกเฉียงเหนือ,ภาคเอกชน,เอกชนระดับเทียบเท่า รพช.,เอกชน,ขั้น 2,2568,,,,,,,,,,,,,
12267,โรงพยาบาล,ส่งเสริมสุขภาพ ศูนย์อนามัยที่ 9,ต่ออายุ,นครราชสีมา   ,ภาคตะวันออกเฉียงเหนือ,ภาครัฐ-ชุมชน ,รพช.(F1),กรมอนามัย กระทรวงสาธารณสุข,ขั้น 2,2568,,,,,,,,,,,,,
12268,โรงพยาบาล,จิตเวชนครราชสีมาราชนครินทร์,ต่ออายุ,นครราชสีมา   ,ภาคตะวันออกเฉียงเหนือ,ภาครัฐ-Advance (มีการเรียนการสอน) ,รพ.ระดับตติยภูมิหรือเทียบเท่า มีการเรียน-สอนบางสาขา,กรมสุขภาพจิต กระทรวงสาธารณสุข,Re-acc. ครั้งที่ 5,2568,,,,,,,,,,,,,
22302,โรงพยาบาล,พนมดงรักเฉลิมพระเกียรติ ๘๐ พรรษา,สมัครใหม่,สุรินทร์   ,ภาคตะวันออกเฉียงเหนือ,ภาครัฐ-ชุมชน ,รพช.(F2),สำนักปลัดกระทรวง กระทรวงสาธารณสุข,Re-acc. ครั้งที่ 1,2568,,,,,,,,,,,,,
22456,โรงพยาบาล,พระทองคำ เฉลิมพระเกียรติ ๘๐ พรรษา,สมัครใหม่,นครราชสีมา   ,ภาคตะวันออกเฉียงเหนือ,ภาครัฐ-ชุมชน ,รพช.(F2),สำนักปลัดกระทรวง กระทรวงสาธารณสุข,Re-acc. ครั้งที่ 3,2568,,,,,,,,,,,,,
24060,โรงพยาบาล,มหาวิทยาลัยเทคโนโลยีสุรนารี,ต่ออายุ,นครราชสีมา   ,ภาคตะวันออกเฉียงเหนือ,ภาครัฐ-Advance (มีการเรียนการสอน) ,รพ.รร.แพทย์ มีการเรียน-สอนบางสาขา,มหาวิทยาลัย กระทรวงการอุดมศึกษา วิทยาศาสตร์ วิจัยและนวัตกรรม,Re-acc. ครั้งที่ 1,2568,,,,,,,,,,,,,
24692,โรงพยาบาล,เฉลิมพระเกียรติ นครราชสีมา,ต่ออายุ,นครราชสีมา   ,ภาคตะวันออกเฉียงเหนือ,ภาครัฐ-ชุมชน ,รพช.(F2),สำนักปลัดกระทรวง กระทรวงสาธารณสุข,Re-acc. ครั้งที่ 1,2568,,,,,,,,,,,,,
27840,โรงพยาบาล,สีดา,ต่ออายุ,นครราชสีมา   ,ภาคตะวันออกเฉียงเหนือ,ภาครัฐ-ชุมชน ,รพช.(F3),สำนักปลัดกระทรวง กระทรวงสาธารณสุข,ขั้น 2,2568,,,,,,,,,,,,,
27841,โรงพยาบาล,เทพารักษ์,ต่ออายุ,นครราชสีมา   ,ภาคตะวันออกเฉียงเหนือ,ภาครัฐ-ชุมชน ,รพช.(F3),สำนักปลัดกระทรวง กระทรวงสาธารณสุข,ขั้น 3 (Accreditation),2568,,,,,,,,,,,,,
27843,โรงพยาบาล,ศรีณรงค์,ต่ออายุ,สุรินทร์   ,ภาคตะวันออกเฉียงเหนือ,ภาครัฐ-ชุมชน ,รพช.(F2),สำนักปลัดกระทรวง กระทรวงสาธารณสุข,Re-acc. ครั้งที่ 1,2568,,,,,,,,,,,,,
27844,โรงพยาบาล,โนนนารายณ์,ต่ออายุ,สุรินทร์   ,ภาคตะวันออกเฉียงเหนือ,ภาครัฐ-ชุมชน ,รพช.(F2),สำนักปลัดกระทรวง กระทรวงสาธารณสุข,Re-acc. ครั้งที่ 1,2568,,,,,,,,,,,,,
28020,โรงพยาบาล,บ้านด่าน,สมัครใหม่,บุรีรัมย์   ,ภาคตะวันออกเฉียงเหนือ,ภาครัฐ-ชุมชน ,รพช.(F2),สำนักปลัดกระทรวง กระทรวงสาธารณสุข,Re-acc. ครั้งที่ 2,2568,,,,,,,,,,,,,
41602,โรงพยาบาล,ป.แพทย์ 2,ต่ออายุ,นครราชสีมา   ,ภาคตะวันออกเฉียงเหนือ,ภาคเอกชน,เอกชนระดับเทียบเท่า รพช.,เอกชน,ขั้น 2,2568,,,,,,,,,,,,,
11482,โรงพยาบาล,ภูมิพลอดุลยเดช,N/A,กรุงเทพมหานคร,กรุงเทพมหานคร,ภาครัฐ-มีการเรียนการสอน,ภาครัฐ-มีการเรียนการสอน,กรมแพทย์ทหารอากาศ กระทรวงกลาโหม,ได้รับการต่ออายุการรับรองกระบวนการคุณภาพ ขั้นก้าวหน้า ครั้งที่ 1,2568,,,,,,,,,,,,,
11714,โรงพยาบาล,วิชัยยุทธ,N/A,กรุงเทพมหานคร,กรุงเทพมหานคร,ภาคเอกชน,ภาคเอกชน,เอกชน-profit (จัดตั้งโดยบริษัท),ได้รับการต่ออายุการรับรองกระบวนการคุณภาพ ครั้งที่ 1,2568,,,,,,,,,,,,,
11721,โรงพยาบาล,ทั่วไปขนาดใหญ่ เปาโล โชคชัย 4,N/A,กรุงเทพมหานคร,กรุงเทพมหานคร,ภาคเอกชน,ภาคเอกชน,เอกชน-profit (จัดตั้งโดยบริษัท),ได้รับการต่ออายุการรับรองกระบวนการคุณภาพ ครั้งที่ 3,2568,,,,,,,,,,,,,
11730,โรงพยาบาล,ไทยนครินทร์,N/A,กรุงเทพมหานคร,กรุงเทพมหานคร,ภาคเอกชน,ภาคเอกชน,เอกชน-profit (จัดตั้งโดยบริษัท),ได้รับการต่ออายุการรับรองกระบวนการคุณภาพ ครั้งที่ 5,2568,,,,,,,,,,,,,
14574,โรงพยาบาล,พญาไท 3,N/A,กรุงเทพมหานคร,กรุงเทพมหานคร,ภาคเอกชน,ภาคเอกชน,เอกชน-profit (จัดตั้งโดยบริษัท),ได้รับการรับรองกระบวนการคุณภาพ ขั้นก้าวหน้า ครั้งแรก,2568,,,,,,,,,,,,,
14577,โรงพยาบาล,วิภาราม,N/A,กรุงเทพมหานคร,กรุงเทพมหานคร,ภาคเอกชน,ภาคเอกชน,เอกชน-profit (จัดตั้งโดยบริษัท),ได้รับการต่ออายุการรับรองกระบวนการคุณภาพ ครั้งที่ 3,2568,,,,,,,,,,,,,
11715,โรงพยาบาล,พญาไท 1,N/A,กรุงเทพมหานคร,กรุงเทพมหานคร,ภาคเอกชน,ภาคเอกชน,เอกชน-profit (จัดตั้งโดยบริษัท),ได้รับการต่ออายุการรับรองกระบวนการคุณภาพ ครั้งที่ 4,2568,,,,,,,,,,,,,
11609,โรงพยาบาล,พญาไท 2,N/A,กรุงเทพมหานคร,กรุงเทพมหานคร,ภาคเอกชน,ภาคเอกชน,เอกชน-profit (จัดตั้งโดยบริษัท),ได้รับการต่ออายุการรับรองกระบวนการคุณภาพ ครั้งที่ 7,2568,,,,,,,,,,,,,
11607,โรงพยาบาล,พญาไท พหลโยธิน,N/A,กรุงเทพมหานคร,กรุงเทพมหานคร,ภาคเอกชน,ภาคเอกชน,เอกชน-profit (จัดตั้งโดยบริษัท),ได้รับการต่ออายุการรับรองกระบวนการคุณภาพ ครั้งที่ 6,2568,,,,,,,,,,,,,
